{"sites":{"01net.com":{"image_url":"http://static.bfmtv.com/ressources/favicon/site01net/apple-touch-icon-144x144.png"},"104.com.tw":{"image_url":"https://static.104.com.tw/logo/104logo_o_152x152_appletouchicon.png"},"1111.com.tw":{"image_url":"https://www.1111.com.tw/1111app/images/1111-job-1.png"},"123movies.fun":{"image_url":"https://123movies.fun/icon/apple-touch-icon.png"},"123rf.com":{"image_url":"https://static-cdn.123rf.com/images/faviconBig.png"},"1688.com":{"image_url":"http://m.1688.com/144px.png"},"17track.net":{"image_url":"http://res.17track.net/global-v2/imgs/oauth_image/apple_touch_152x152.png"},"1and1.com":{"image_url":"https://www.1and1.com/modules/frontend-elements/img/components/header/apple-touch-icon-114x114px.png"},"1tv.ru":{"image_url":"https://static.1tv.ru/assets/web/favicon/android-chrome-192x192-fc56652994ace8c546dee7b60495bddb.png"},"1und1.de":{"image_url":"https://www.1und1.de/modules/frontend-elements/img/components/header/apple-touch-icon-114x114px.png"},"20minutos.es":{"image_url":"https://rs.20m.es/mobile/apple-touch-icon.png"},"24h.com.vn":{"image_url":"https://static-us.24h.com.vn/images/m2014/images/logo-24h_bookmarks.png"},"24smi.info":{"image_url":"https://24smi.info/frontend/public/img/icon.ico"},"2gis.ru":{"image_url":"https://m-assets.2gis.com/apple-icon.png"},"36kr.com":{"image_url":"https://36kr.com/apple-touch-icon-iphone4.png"},"3dlat.com":{"image_url":"https://vb.3dlat.com/apple-touch-icon.png?v=zXraYmGwyg"},"4399.com":{"image_url":"https://m.img4399.com/static/web/mobile/images/APP-icon.png?1e6eca7"},"4chan.org":{"image_url":"https://s.4cdn.org/image/apple-touch-icon-ipad-retina.png"},"58.com":{"image_url":"https://gp.58cdn.com.cn/global/index/icon58b.png"},"9anime.is":{"image_url":"https://www4.9anime.is/assets/favicons/favicon.png"},"9gag.com":{"image_url":"https://assets-9gag-fun.9cache.com/s/fab0aa49/a130c97b656993fa45b47b64a31472078cd222f8/static/dist/mobile7/img/apple-touch-icon-180.png"},"abc.net.au":{"image_url":"http://mobile.abc.net.au/homepage/mobile/images/homepage/apple-touch-icon-144x144.png"},"abcnews.go.com":{"image_url":"https://s.abcnews.com/assets/images/apple-touch-icons/touch-icon-ipad-retina.png"},"abema.tv":{"image_url":"https://hayabusa.io/abema/assets/img_icon.w180.h180.v55e9268.png"},"abola.pt":{"image_url":"https://abola.pt/img/icons/android-icon-192x192.png"},"academia.edu":{"image_url":"https://a.academia-assets.com/images/favicons/favicon-194x194.png"},"adme.ru":{"image_url":"https://iface.adme.ru/@/AdMe/Layouts/i/apple-icon.png"},"afreecatv.com":{"image_url":"http://www.afreecatv.com/images/mobile/afreeca_mobile.png"},"aftonbladet.se":{"image_url":"https://gfx.aftonbladet-cdn.se/assets/gfx/social/abAppIcon.png"},"aglasem.com":{"image_url":"https://aglasem.com/wp-content/uploads/2017/03/aglasem-logo-192x192.jpg"},"agoda.com":{"image_url":"https://cdn6.agoda.net/images/mobile/app-new-agoda-logo.png"},"airbnb.com":{"image_url":"https://a0.muscache.com/airbnb/static/icons/android-icon-192x192-c0465f9f0380893768972a31a614b670.png"},"alc.co.jp":{"image_url":"https://www.alc.co.jp/img/webclip_icon.png"},"alhilalalyoum.com":{"image_url":"http://www.alhilalalyoum.com/themes/new/images/favicon/android-icon-192x192.png"},"alibaba.com":{"image_url":"https://u.alicdn.com/mobile/img/common/favicons/apple-touch-icon-180x180.png"},"allrecipes.com":{"image_url":"https://www.allrecipes.com/apple-touch-icon-180x180-precomposed.png"},"alodokter.com":{"image_url":"https://www.alodokter.com/assets/cms_engine/android-chrome-192x192-fbe9a22f2fc74b52818c962ab91b40031f1e6dd2d614f376eb1efcc03c5bba0b.png"},"altervista.org":{"image_url":"https://it.altervista.org/images/favicon/apple-touch-icon-152x152.png"},"amazon.ca":{"image_url":"https://images-na.ssl-images-amazon.com/images/G/15/anywhere/a_smile_196x196._CB368246733_.png"},"amazon.cn":{"image_url":"https://images-cn.ssl-images-amazon.com/images/G/28/anywhere/a_smile_196x196._CB368246750_.png"},"amazon.co.jp":{"image_url":"https://images-fe.ssl-images-amazon.com/images/G/09/anywhere/a_smile_196x196._CB368246755_.png"},"amazon.co.uk":{"image_url":"https://images-eu.ssl-images-amazon.com/images/G/02/anywhere/a_smile_196x196._CB368246590_.png"},"amazon.com":{"image_url":"https://images-na.ssl-images-amazon.com/images/G/01/anywhere/a_smile_196x196._CB368246573_.png"},"amazon.com.mx":{"image_url":"https://images-na.ssl-images-amazon.com/images/G/33/anywhere/a_smile_196x196._CB368246395_.png"},"amazon.de":{"image_url":"https://images-eu.ssl-images-amazon.com/images/G/03/anywhere/a_smile_196x196._CB368246539_.png"},"amazon.es":{"image_url":"https://images-na.ssl-images-amazon.com/images/G/30/anywhere/a_smile_196x196._CB368246671_.png"},"amazon.fr":{"image_url":"https://images-eu.ssl-images-amazon.com/images/G/08/anywhere/a_smile_196x196._CB368246545_.png"},"amazon.in":{"image_url":"https://images-eu.ssl-images-amazon.com/images/G/31/anywhere/a_smile_196x196._CB368246681_.png"},"amazon.it":{"image_url":"https://images-eu.ssl-images-amazon.com/images/G/29/anywhere/a_smile_196x196._CB368246716_.png"},"amazonaws.com":{"image_url":"https://a0.awsstatic.com/libra-css/images/site/touch-icon-ipad-144-smile.png"},"ameblo.jp":{"image_url":"https://stat100.ameba.jp/common_style/img/sp/apple-touch-icon.png"},"americanas.com.br":{"image_url":"https://images-americanas.b2w.io/zion/manifest/icons/0617b391f7ef445b69ea03658739a4f9.apple-touch-icon-152x152.png"},"android.com":{"image_url":"https://www.android.com/static/img/touch-icon-ipad-retina.png"},"anjuke.com":{"image_url":"https://pages.anjukestatic.com/usersite/touch/img/app/144x144.png"},"ansa.it":{"image_url":"http://www.ansa.it/sito/img/ico/ansa-144-precomposed.png"},"aol.com":{"image_url":"https://s.blogsmithmedia.com/www.aol.com/assets-h7a53f0c3ac32f7b4dc46b80ee9c06c70/images/favicon/android-chrome-192x192.png?h=c58a2e25108c16c28d0a2c1e554b73a6"},"apache.org":{"image_url":"https://apache.org/favicons/favicon-194x194.png"},"apartments.com":{"image_url":"https://www.apartments.com/a/3cd4b6/touch-icon-iphone.png"},"arstechnica.com":{"image_url":"https://cdn.arstechnica.net/wp-content/themes/ars-mobile/assets/images/material-ars.png"},"asahi.com":{"image_url":"https://www.asahi.com/logo_icon.png"},"asana.com":{"image_url":"https://d1gwm4cf8hecp4.cloudfront.net/images/favicons/apple-touch-icon-180x180.png"},"asos.com":{"image_url":"http://m.asos.com/apple-touch-icon.png"},"atlassian.net":{"image_url":"https://wac-cdn.atlassian.com/assets/img/favicons/atlassian/apple-touch-icon-152x152.png"},"atlassian.com":{"image_url":"https://wac-cdn.atlassian.com/assets/img/favicons/atlassian/apple-touch-icon-152x152.png"},"att.net":{"image_url":"http://static.jade.synacor.com/assets/site_config/att-gen4/assets/en_US/gen4/shared/images/icons/appletouch-152.png"},"auto.ru":{"image_url":"https://yastatic.net/iconostasis/_/fDd53jOe-AyM1FrE6Ikra1suP1Q.png"},"avast.com":{"image_url":"https://static3.avast.com/20180507/web/i/apple-touch-icon-152x152.png"},"avclub.com":{"image_url":"https://i.kinja-img.com/gawker-media/image/upload/s--Tj4IOqWp--/c_fill,fl_progressive,g_center,h_200,q_80,w_200/no63bw902mddhwxtjtxh.png"},"avgle.com":{"image_url":"https://avgle.com/templates/frontend/bright-blue/img/webapp-icon.png"},"avito.ma":{"image_url":"https://m.avito.ma/img/favicon_ios_ma.png?8.30.633933"},"avito.ru":{"image_url":"https://www.avito.st/s/common/touch-icons/common/apple-touch-icon-180x180-precomposed.png?57be3fb"},"bab.la":{"image_url":"https://static.bab.la/img/languages/favicon-196x196.png"},"babycenter.com":{"image_url":"https://www.babycenter.com/xapple-touch-icon-152x152.png.pagespeed.ic.-XhxSt8l0U.png"},"babytree.com":{"image_url":"http://img02.babytreeimg.com/mobile/img/common/icon-144.png"},"badoo.com":{"image_url":"https://badoo.com/img/app-icons/badoo/android-chrome-192x192.png?v4"},"baidu.com":{"image_url":"https://gss0.bdstatic.com/5bd1bjqh_Q23odCf/static/wiseindex/img/screen_icon_new.png"},"bamilo.com":{"image_url":"http://live-static.bamilo.com/images/local_mobile/favicon/bamilo/logo_cart@2x.png"},"banggood.com":{"image_url":"https://mcss.banggood.com/default/images/icons/icon-wap192.png"},"bankofamerica.com":{"image_url":"https://www1.bac-assets.com/homepage/spa-assets/images/assets-images-global-favicon-android-chrome-192x192-CSXf4a81122.png"},"bannedbook.org":{"image_url":"https://www.bannedbook.org/apple-touch-icon.png"},"basecamp.com":{"image_url":"https://basecamp.com/favicon.ico"},"bbc.com":{"image_url":"http://static.bbci.co.uk/wwhp/1.123.289/responsive/img/apple-touch/apple-touch-180.jpg"},"bedbathandbeyond.com":{"image_url":"https://m.bedbathandbeyond.com/_assets/mobileAssets/global/images/BBB_appStore.png"},"beinsports.com":{"image_url":"https://assets.beinsports.com/3.0.93/images/favicon.ico"},"besoccer.com":{"image_url":"https://www.besoccer.com/media/images/favicon-152.png"},"bet365.com":{"image_url":"https://mobile.bet365.comgrfx/webclip/114.png"},"bhaskar.com":{"image_url":"https://m.bhaskar.com/public/nbhaskarpwa/images/192app.png"},"biblegateway.com":{"image_url":"https://static6-a.akamaihd.net/assets/images/ios/touch-icon-ipad-retina.png"},"biglobe.ne.jp":{"image_url":"https://www.biglobe.ne.jp/a-top/i/apple-touch-icon-new.png"},"bild.de":{"image_url":"https://bilder.bild.de/fotos/bild-de-35605834/Bild/3.bild.png"},"billboard.com":{"image_url":"https://assets.billboard.com/assets/1525405189/images/BB_favicon144.png?201c973b076ead19af2c"},"binance.com":{"image_url":"https://resource.binance.com/resources/img/binance_icon.png"},"bintang.com":{"image_url":"https://cdn-a.production.liputan6.static6.com/assets/images/bintang/favicons/android-chrome-192x192.png?v=2"},"biobiochile.cl":{"image_url":"https://www.biobiochile.cl/assets/biobiochile/img/icons/icon-194x194.png"},"bitauto.com":{"image_url":"http://image.bitautoimg.com/wap/ios/images/144x144.png"},"bitbucket.org":{"image_url":"https://bitbucket-marketing-cdn.atlassian.com/assets/img/favicons/bitbucket/apple-touch-icon.png"},"blackboard.com":{"image_url":"http://www.blackboard.com/images/apple-touch-icon-144x144-precomposed.png"},"blastingnews.com":{"image_url":"https://srs1.blastingcdn.com/images/apple-touch-icons/touch-icon-ipad-retina.png"},"bldaily.com":{"image_url":"http://m.bldaily.com/wp-content/themes/mobile/favicon.ico?v=1.2"},"bleacherreport.com":{"image_url":"https://bleacherreport.com/img/favicon/appleTouchIcon.png"},"bles.com":{"image_url":"http://m.bles.com/wp-content/themes/mobile/favicon.ico?v=1.2"},"blibli.com":{"image_url":"https://www.static-src.com/4.32.2-2/resources/images/favicon/blibli-192.png"},"blog.jp":{"image_url":"http://blog.jp/img/portal/lite/ld_blog.png"},"blogspot.com":{"image_url":"https://www.blogger.comfavicon/android-chrome-192x192.png"},"blogger.com":{"image_url":"https://www.blogger.comfavicon/android-chrome-192x192.png"},"bloomberg.com":{"image_url":"https://assets.bwbx.io/s3/javelin/public/hub/images/apple-touch-icon-180x180-c1a237984e.png"},"bluestacks.com":{"image_url":"https://cdn-www.bluestacks.com/bs-images/favicon.png"},"bol.uol.com.br":{"image_url":"https://img.bol.com.br/icon-touch.png"},"bola.com":{"image_url":"https://cdn-a.production.liputan6.static6.com/assets/images/bola/favicons/android-chrome-192x192.png?v=2"},"booking.com":{"image_url":"https://r-ec.bstatic.com/static/img/apple-touch-icon_new_lrg/c9b35bf29a75cac2f430f80a5d4bc7fd961d21a7.png"},"bookmyshow.com":{"image_url":"https://in.bmscdn.com/m6/images/icons/logo-192.png"},"books.com.tw":{"image_url":"https://jci.book.com.tw/img/icons/apple_icon_152x152.png"},"brainly.com.br":{"image_url":"https://styleguide.brainly.com.br/images/favicons/brainly/favicon-hd-0865c7f19f.png"},"breitbart.com":{"image_url":"http://www.breitbart.com/t/assets/i/w-logo-orange.png"},"brilio.net":{"image_url":"https://cdn.brilio.net/static/m/assets/img/favicon.png"},"britishcouncil.org":{"image_url":"https://www.britishcouncil.org/profiles/solas2/themes/solas_ui/apple-touch-icons/touch-icon-ipad-retina.png"},"bt.com":{"image_url":"https://img01.bt.co.uk/s/assets/270418/images/apple-touch-icon-114x114.png"},"bukalapak.com":{"image_url":"https://m.bukalapak.com/_nuxt/icons/icon_512.a0wy000y00w.png"},"businessinsider.com":{"image_url":"http://static4.businessinsider.com/assets/images/us/favicons/apple-touch-icon.png?v=BI-US-2017-06-22"},"bustle.com":{"image_url":"https://cdn.bustle.com/bustle/production/public/icon-c485b4.png"},"buyma.com":{"image_url":"https://img-buyma-com.akamaized.net/apple-touch-icon-precomposed.png?ede456d05a6625f9b"},"buzzfeed.com":{"image_url":"https://www.buzzfeed.com/static-assets/img/touch-icon-android.6f90f349a263fafae3843e9decf2812a.png"},"ca.gov":{"image_url":"https://ca.gov/images/template2014/apple-touch-icon-144x144.png"},"cambridge.org":{"image_url":"http://www.cambridge.org/packages/cambridge_themes/images/favicons/touch-icon-iphone-retina-precomposed.png"},"cargurus.com":{"image_url":"https://www.cargurus.com/favicon.ico"},"cbc.ca":{"image_url":"http://www.cbc.ca/a/apple-touch-icon.png"},"cbsnews.com":{"image_url":"https://cbsnews4.cbsistatic.com/fly/bundles/cbsnewscore/apple-touch-icon.png?v=824336b681a48d701181e214791cd362a898af90"},"cbssports.com":{"image_url":"https://sportsfly.cbsistatic.com/fly-832/bundles/sportsmediacss/images/core/webclips/touch-icon-ipad-retina.png"},"ccleaner.com":{"image_url":"https://s1.pir.fm/pf/favicons--AwgCBwYOBQc/apple-touch-icon.png"},"ccm.net":{"image_url":"https://astatic.ccmbg.com/www.commentcamarche.net/_skin/favicon/android-chrome-192x192.png"},"commentcamarche.net":{"image_url":"https://astatic.ccmbg.com/www.commentcamarche.net/_skin/favicon/android-chrome-192x192.png"},"cda.pl":{"image_url":"https://www.cda.pl/touch-icon-192x192.png"},"cdc.gov":{"image_url":"https://www.cdc.gov/TemplatePackage/3.0/images/cdc-touch-icon-144x144.png"},"championat.com":{"image_url":"https://st.championat.com/i/favicon/apple-touch-icon.png"},"change.org":{"image_url":"https://static.change.org/favicons/favicon-114x114.png"},"channelmyanmar.org":{"image_url":"http://www.channelmyanmar.org/wp-content/uploads/2018/03/Layer-1-3.png"},"chase.com":{"image_url":"https://www.chase.com/etc/designs/chase-ux/favicon-152.png"},"cheatsheet.com":{"image_url":"https://www.cheatsheet.com/wp-content/themes/wallstcheatsheet-v2/images/icons/apple-icon-180x180-precomposed.png?x23912"},"chegg.com":{"image_url":"https://c.cheggcdn.com/s/_mobile/images/icon_retina.png"},"chess.com":{"image_url":"https://betacssjs.chesscomfiles.com/bundles/web/images/chess-touch-1200.png"},"chicagotribune.com":{"image_url":"http://www.trbas.com/jive/prod/common/images/chinews-apple-touch-icon.1q2w3_94554d959ec79959c59a94283f117703.png"},"chinatimes.com":{"image_url":"http://www.chinatimes.com/images/touch-icon-192x192.png"},"chip.de":{"image_url":"http://www.chip.defec/fea-home/1.3.24/favicon/apple-touch-icon.png"},"chouftv.ma":{"image_url":"http://chouftv.ma/Content/images/favicon.ico"},"chron.com":{"image_url":"https://m.chron.com/apple-touch-icon-152x152.png"},"chsi.com.cn":{"image_url":"https://chsi.com.cnimages/chsi-logo-pad2x.png"},"clarin.com":{"image_url":"https://www.clarin.com/android-icon-192x192.png"},"clien.net":{"image_url":"https://m.clien.net/service/image/icon180x180.png"},"cloudflare.com":{"image_url":"https://www.cloudflare.com/favicon-196x196.png"},"cnbc.com":{"image_url":"https://sc.cnbcfm.com/applications/cnbc.com/staticcontent/img/mobile/touch/cnbc-logo-sharing-114.jpg"},"cnet.com":{"image_url":"https://cnet2.cbsistatic.com/fly/bundles/cnetcss/images/core/logo_192.png"},"cnnindonesia.com":{"image_url":"https://cdn.cnnindonesia.com/cnnid/mobile/images/logo__cnn.png"},"codecanyon.net":{"image_url":"https://public-assets.envato-static.com/icons/codecanyon.net/apple-touch-icon-144x144-precomposed.png"},"codepen.io":{"image_url":"https://codepen.io/favicons/favicon-192x192.png"},"codeproject.com":{"image_url":"https://www.codeproject.com/favicon/apple-touch-icon.png"},"coinbase.com":{"image_url":"https://www2.coinbase.com/assets/96x96.png"},"coinmarketcap.com":{"image_url":"https://coinmarketcap.com/apple-touch-icon.png"},"collinsdictionary.com":{"image_url":"https://www.collinsdictionary.com/apple-touch-icon.png"},"colorado.edu":{"image_url":"https://www.colorado.edu/profiles/express/themes/expressbase/apple-icon-144x144.png"},"comicbook.com":{"image_url":"http://asset.comicbook.com/img/comicbook/favicon.ico?v=1"},"constantcontact.com":{"image_url":"https://www.constantcontact.com/apple-touch-icon.png"},"consultant.ru":{"image_url":"https://www.consultant.ru/apple-touch-icon-180x180.png"},"cookpad.com":{"image_url":"https://assets.cpcdn.com/assets/device/apple-touch-icon-precomposed.png?92b8bd477aedd34713e3d853583626f4d29101bdc7e6ceb52dcfe037b49e0988"},"coolmath-games.com":{"image_url":"http://m.coolmath-games.com/sites/cmatgame/themes/cmatgame_mob/images/cm_hs_logo_114_114.png"},"corriere.it":{"image_url":"https://css2.corriereobjects.it/includes2013/LIBS/css/assets/touch-icon-ipad-retina.png"},"coupang.com":{"image_url":"https://img1a.coupangcdn.com/image/mobile/v3/web_favicon.png"},"coursehero.com":{"image_url":"https://www.coursehero.com/assets/img/apple-touch-icon.png"},"coursera.org":{"image_url":"https://d3njjcbhbojbot.cloudfront.net/web/images/favicons/icon-194x194.png"},"cqnews.net":{"image_url":"http://www.cqnews.net/common/cache/images/weblogo.png"},"cracked.com":{"image_url":"http://ui.crackedcdn.com/favicon-196x196.png"},"creativemarket.com":{"image_url":"https://d3ui957tjb5bqd.cloudfront.net/fav128.png?v5"},"credit-agricole.fr":{"image_url":"https://www.credit-agricole.frlocal/cache-gd2/bc/e21b894b552eeb14686a29fb76cb18.png?1525814003"},"creditkarma.com":{"image_url":"https://creditkarmacdn-a.akamaihd.net/ckfiles.com/assets/1092347025680/res/favicons/apple-touch-icon.png"},"cricbuzz.com":{"image_url":"http://m.cricbuzz.com/images/cricbuzz/coast_cricbuzz_logo.png"},"crictracker.com":{"image_url":"https://www.crictracker.com/wp-content/themes/crictracker/images/favicon/apple-touch-icon.png"},"crptentry.com":{"image_url":"https://crptentry.com/apple-touch-icon-180x180.png?v=1"},"dagospia.com":{"image_url":"http://m.dagospia.com/apple-touch-icon-114x114.png"},"daily.co.jp":{"image_url":"https://www.daily.co.jp/apple-touch-icon.png"},"dailymotion.com":{"image_url":"https://static1-ssl.dmcdn.net/images/neon/favicons/apple-icon-precomposed.png.vd206cf7434adbe852"},"dailypakistan.com.pk":{"image_url":"https://dailypakistan.com.pk/assets/dailypakistan/images/favicons/android-icon-192x192.png"},"danawa.com":{"image_url":"https://img.danawa.com/new/mdanawa/img/ico_danawa_web_114.ico"},"daraz.pk":{"image_url":"https://www.daraz.pk/images/local_mobile/favicon/daraz/logo_cart@2x.png"},"daum.net":{"image_url":"https://m2.daumcdn.net/deco/comics/mtop/webicon/i120x120_201611041636.png"},"dcard.tw":{"image_url":"https://www.dcard.tw/build//images/favicon_512.png"},"deadline.com":{"image_url":"https://secure.gravatar.com/blavatar/0d8531262d92570876b84bba1cbad7f7?s=114"},"deadspin.com":{"image_url":"https://i.kinja-img.com/gawker-media/image/upload/s--iIvh_25i--/c_fill,fl_progressive,g_center,h_200,q_80,w_200/rnxqtvv6advgidzfs6am.png"},"debate.com.mx":{"image_url":"https://www.debate.com.mx/__export/1513187264000/sites/debate/arte/el-debate/apps/favicon.png_2040392579.png"},"deezer.com":{"image_url":"https://e-cdns-files.dzcdn.net/cache/images/common/favicon/favicon-196x196.222c146b8a8155fed8f1150971dbfbd1.png"},"depositphotos.com":{"image_url":"https://webst.depositphotos.com/_img/apple-touch-icon-152x152.png"},"deutsche-bank.de":{"image_url":"https://www.deutsche-bank.de/etc/designs/db-eccs-pws-pwcc/assets/db-logo-192x192.png"},"deviantart.com":{"image_url":"https://st.deviantart.net/minish/touch-icons/android-192.png"},"deviantart.net":{"image_url":"https://st.deviantart.net/minish/widgets/apple-touch-icon-lg.png"},"dhgate.com":{"image_url":"https://css.dhresource.com/mobile_v2/common/image/pwa/favicons/android-chrome-192x192.png"},"dhl.com":{"image_url":"http://www.dhl.com/img/dhl-favicons/favicon-192-dhl.png"},"dictionary.com":{"image_url":"http://static.sfdict.com/dcom/img/apple-touch-icon-precomposed-152x152.png"},"digikala.com":{"image_url":"https://template.digi-kala.com/DigikalaMobileWeb/webapp/launcher-icon-4x.png"},"digitalocean.com":{"image_url":"https://www.digitalocean.com/apple-touch-icon.png"},"digitaltrends.com":{"image_url":"https://cdn7.digitaltrends.com/wp-content/themes/digitaltrends-2018/assets/images/favicons/apple-touch-icon.png"},"dikaiologitika.gr":{"image_url":"http://www.dikaiologitika.gr/images/ios/Icon-App-72x72@2x.png"},"diply.com":{"image_url":"https://cdn.diply.com/static-images/gizmo/ico/favicon_144x144.png"},"discogs.com":{"image_url":"https://s.discogs.com/images/apple-touch-icon-precomposed.png"},"discuss.com.hk":{"image_url":"http://m.discuss.com.hkimages/bookmark-icon-144.png?v=20150302"},"disqus.com":{"image_url":"https://c.disquscdn.com/next/current/marketing/assets/img/brand/favicon-192x192.png"},"divar.ir":{"image_url":"https://s.cafebazaar.ir/1/upload/icons/divar-logo-512x512.png"},"dmm.com":{"image_url":"https://www.dmm.com/images/general/apple-touch-icon.png"},"dnevnik.ru":{"image_url":"https://static.dnevnik.ru/img/icons/favicons/apple/152x152.png"},"docusign.com":{"image_url":"https://www.docusign.com/sites/all/themes/custom/docusign/favicons/android-chrome-192x192.png"},"donga.com":{"image_url":"http://image.donga.com/mobile/image/icon/donga/favicon.ico"},"doodle.com":{"image_url":"https://cdn2.doodle.com/dist/i/7479b568749fca315a2969e30cbee4f5.png"},"doubleclick.net":{"image_url":"https://www.doubleclickbygoogle.com/static/v4624/core/img/favicons/favicon-194x194.png"},"dream.co.id":{"image_url":"https://cdns.klimg.com/dream.co.id/resources/m-assets/img/apple-touch-icon-152x152-precomposed.png"},"dribbble.com":{"image_url":"https://cdn.dribbble.com/assets/dribbble-ball-192-ec064e49e6f63d9a5fa911518781bee0c90688d052a038f8876ef0824f65eaf2.png"},"drive2.ru":{"image_url":"https://www.drive2.ru/apple-touch-icon.png"},"drom.ru":{"image_url":"https://c.rdrom.ru/touch/images/mobile/icons/apple-touch-icon.png"},"dropbox.com":{"image_url":"https://cfl.dropboxstatic.com/static/images/logo_catalog/dropbox_webclip_152_m1-vflU0bwfQ.png"},"duckduckgo.com":{"image_url":"https://duckduckgo.com/assets/icons/meta/DDG-iOS-icon_152x152.png"},"dunia21.tv":{"image_url":"http://dunia21.tv/wp-content/themes/layarkaca21/images/favicon-set/android-icon-192x192.png"},"duolingo.com":{"image_url":"https://d35aaqx5ub95lt.cloudfront.net/images/duolingo-touch-icon.png"},"dw.com":{"image_url":"http://www.dw.com/favicon.png"},"dwatchseries.to":{"image_url":"https://static.dwatchseries.to/templates/default/images/apple-touch-icon.png"},"ebay-kleinanzeigen.de":{"image_url":"https://m.ebay-kleinanzeigen.de/favicons/favicon-192x192.png"},"ebay.co.uk":{"image_url":"https://ir.ebaystatic.com/pictures/aw/pics/mobile/images/apple-touch-icon.png"},"ebay.it":{"image_url":"https://ir.ebaystatic.com/pictures/aw/pics/mobile/images/apple-touch-icon.png"},"ebay.com.au":{"image_url":"https://ir.ebaystatic.com/pictures/aw/pics/mobile/images/apple-touch-icon.png"},"ebay.fr":{"image_url":"https://ir.ebaystatic.com/pictures/aw/pics/mobile/images/apple-touch-icon.png"},"ebay.ca":{"image_url":"https://ir.ebaystatic.com/pictures/aw/pics/mobile/images/apple-touch-icon.png"},"ecollege.com":{"image_url":"https://www.pearson.com/us/etc/designs/one-dot-com/one-dot-com/us/favicon.ico"},"ecosia.org":{"image_url":"https://cdn.ecosia.org/assets/images/png/apple-touch-icon.png"},"ed.gov":{"image_url":"https://www.ed.gov/profiles/ed_main/themes/ed3/images/apple-touch-icon-114x114.png"},"egy.best":{"image_url":"https://egy.best/android-chrome-192x192.png"},"eksisozluk.com":{"image_url":"https://ekstat.com/img/apple-touch-icon.png"},"elbalad.news":{"image_url":"http://www.elbalad.news/themes/balad/favicon/android-icon-192x192.png"},"elcomercio.com":{"image_url":"http://www.elcomercio.com/apple-touch-icon.png"},"elmundo.es":{"image_url":"https://e00-elmundo.uecdn.es/apple-touch-icon-precomposed.png"},"elnuevodiario.com.ni":{"image_url":"https://endimages.s3.amazonaws.com/static/assets/img/end-114.png"},"elsevier.com":{"image_url":"https://cdn.elsevier.io/verona/includes/favicons/favicon-192x192.png"},"elwatannews.com":{"image_url":"https://m.elwatannews.com/assets/img/favicons/152.png"},"emag.ro":{"image_url":"https://s5emagst.akamaized.net/layout/ro/images/144x144.png"},"emirates.com":{"image_url":"https://ekstatic.net/assets/icon/apple-icon-180x180.png?h=5.0.9"},"emol.com":{"image_url":"http://static.emol.cl/emol50/img/movil/emol_App_Web_2.png"},"engadget.com":{"image_url":"https://s.blogsmithmedia.com/www.engadget.com/assets-h73b1bee94a42ddcb54c22aabfdea96bb/images/favicon-160x160.png?h=1638b0a8bbe7effa8f85c3ecabb63620"},"envato.com":{"image_url":"https://assets.wordpress.envato-static.com/uploads/2016/08/cropped-favicon-192x192.png"},"espn.com":{"image_url":"http://a.espncdn.com/wireless/mw5/r1/images/bookmark-icons-v2/espn-icon-180x180.png"},"espncricinfo.com":{"image_url":"http://a.espncdn.com/wireless/mw5/r1/images/bookmark-icons-v2/espn-icon-180x180.png"},"ettoday.net":{"image_url":"https://static.ettoday.net/style/mobileweb2014/images/touch-icon.png"},"euronews.com":{"image_url":"http://www.euronews.com/android-chrome-192x192.png"},"eventbrite.com":{"image_url":"https://cdn.evbstatic.com/s3-build/perm_001/e04503/django/images/favicons/favicon-194x194.png"},"everydayhealth.com.tw":{"image_url":"https://static.everydayhealth.com.tw/front/images/android_c192.png"},"evite.com":{"image_url":"https://g0.evitecdn.com/static/images/v2/mobile/apple-touch-icon-114.9c86830bb928.png"},"ew.com":{"image_url":"https://ew.com/img/favicons/favicon-192.png"},"exlibrisgroup.com":{"image_url":"https://www.exlibrisgroup.com/wp-content/uploads/2018/01/cropped-ex_favicon-192x192.png"},"express.co.uk":{"image_url":"https://cdn.images.express.co.uk/appletouchicons/20160608/apple-touch-icon-180x180.png"},"farfetch.com":{"image_url":"https://cdn-static.farfetch-contents.com/static/images/favicon/Generated/apple-touch-icon-180x180.png"},"fast.com":{"image_url":"https://fast.com/assets/favicons/android-icon-192x192.png"},"fatosdesconhecidos.com.br":{"image_url":"https://m.fatosdesconhecidos.com.br/images/faviconv2/android-icon-192x192.png"},"feebee.com.tw":{"image_url":"https://ssl.feebee.com.tw/touch-icon-ipad-retina.png"},"fextralife.com":{"image_url":"https://fextralife.com/wp-content/uploads/2015/07/cropped-flswords-160-192x192.png"},"ficbook.net":{"image_url":"https://ficbook.net/apple-touch-icon.png"},"filmweb.pl":{"image_url":"http://2.fwcdn.pl/gf/beta/ic/logo-228.png"},"finn.no":{"image_url":"https://static.finncdn.no/_c/spaden/v8.5.5/favicons/favicon-t-192x192.png"},"firefox.com":{"image_url":"https://www.mozilla.org/media/img/firefox/favicon-196.c6d9abffb769.png"},"fivethirtyeight.com":{"image_url":"http://fivethirtyeight.com/wp-content/themes/espn-fivethirtyeight/assets/images/fivethirtyeight-logo-touch.png?v=1.0.7"},"flashscore.com":{"image_url":"https://www.flashscore.com/res/image/mobile-icons/fs-black/180x180.png"},"flaticon.com":{"image_url":"https://media.flaticon.com/img/apple-icon-152x152-precomposed.png"},"flickr.com":{"image_url":"https://s.yimg.com/pw/apple-touch-icon.png"},"flipkart.com":{"image_url":"https://img1a.flixcart.com/www/linchpin/batman-returns/images/logo_lite-cbb3574d.png"},"flirt.live":{"image_url":"https://ssl-cdn2.vscdns.com/images/icons/f4f-iOS-icon-144x144.png"},"flvto.biz":{"image_url":"https://www.flvto.biz/favicon-194x194.png"},"fmkorea.com":{"image_url":"https://image.fmkorea.com/common/tpl/images/logo152.png"},"focus.de":{"image_url":"https://p5.focus.de/mobile-bookmark-152x152.png"},"foodnetwork.com":{"image_url":"https://www.foodnetwork.com/etc/clientlibs/assets/images/food/favicon-192x192.png"},"forbes.com":{"image_url":"https://i.forbesimg.com/media/assets/appicons/forbes-app-icon_144x144.png"},"forever21.com":{"image_url":"https://www.forever21.com/images/en/common/apple-touch-icon-144x144-precomposed.png"},"forgeofempires.com":{"image_url":"https://om.forgeofempires.com/media/images/favicon/foe/apple-touch-icon-192x192-precomposed.1525697525.png"},"foxnews.com":{"image_url":"https://global.fncstatic.com/static/orion/styles/img/fox-news/favicons/android-chrome-192x192.png"},"francetvinfo.fr":{"image_url":"https://www.francetvinfo.fr/skin/dist/www/img/icn/apple/144x144-95a89ab4a1.png"},"free.fr":{"image_url":"http://www.free.fr/freebox/im/icon_h.png"},"freelancer.com":{"image_url":"https://m.freelancer.comimages/icons/launcher-icons/65008340.launcher-icon-192x192.png"},"freepik.com":{"image_url":"https://e2-cdns2-fp.akamaized.net/media/img/favicons/apple-icon-144x144-precomposed.png"},"ft.com":{"image_url":"https://www.ft.com/__origami/service/image/v2/images/raw/ftlogo-v1%3Abrand-ft-logo-square-coloured?source=update-logos&width=194&height=194&format=png"},"futbin.com":{"image_url":"https://cdn.futbin.com/design/img/favic/android-icon-192x192.png?17"},"gameforge.com":{"image_url":"https://gameforge.com/assets/images/icons/favicon-196x196.png"},"gamer.com.tw":{"image_url":"http://m.gamer.com.tw/apple-touch-icon-144x144.png"},"gamespot.com":{"image_url":"https://static.gamespot.com/bundles/gamespotsite/images/touch-icon-ipad-retina-precomposed.png"},"gamewith.jp":{"image_url":"https://gamewith.jp/assets/img/apple-touch-icon-144.png"},"gap.com":{"image_url":"https://www.gap.com/assets/common/apple-touch-icon-144x144.png"},"gazeta.pl":{"image_url":"http://static.im-g.pl/gazetapl180x180.png"},"gazzetta.it":{"image_url":"https://images2.gazzettaobjects.it/favicon.ico?v=20150119140009"},"gearbest.com":{"image_url":"https://css.gbtcdn.com/imagecache/gbm/img/ico/apple-touch-icon-ipad3-144@.png"},"geeksforgeeks.org":{"image_url":"https://www.geeksforgeeks.org/wp-content/uploads/gfg_200X200.png"},"genius.com":{"image_url":"https://assets.genius.com/images/apple-touch-icon.png?1525812922"},"getbootstrap.com":{"image_url":"https://getbootstrap.com/docs/4.1/assets/img/favicons/apple-touch-icon.png"},"getcryptotab.com":{"image_url":"https://getcryptotab.com/static/favicon.ico"},"getpocket.com":{"image_url":"https://getpocket.com/i/apple-touch-icon/Pocket_AppIcon_144.png"},"gfycat.com":{"image_url":"https://gfycat.com/static/favicons/favicon.ico"},"giphy.com":{"image_url":"https://giphy.com/static/img/icons/apple-touch-icon-180px.png"},"gismeteo.ru":{"image_url":"https://www.gismeteo.ru/amg/images/meta/icon-196.png"},"gismeteo.ua":{"image_url":"https://s1.gismeteo.ua/static/v5/images/favicons/android/default-highres-icon.png"},"github.com":{"image_url":"https://assets-cdn.github.com/apple-touch-icon-180x180.png"},"gitlab.com":{"image_url":"https://about.gitlab.com/ico/favicon-192x192.png"},"gittigidiyor.com":{"image_url":"https://www.gittigidiyor.com/fred/framework/assets/img/core/apple-touch-icons/apple-icon-152x152-precomposed.png"},"givemesport.com":{"image_url":"https://www.givemesport.com/content/img/touch-icon-192x192.png"},"gizmodo.com":{"image_url":"https://i.kinja-img.com/gawker-media/image/upload/s---erriNCS--/c_fill,fl_progressive,g_center,h_200,q_80,w_200/fdj3buryz5nuzyf2k620.png"},"glassdoor.com":{"image_url":"https://www.glassdoor.com/app/static/img/mobile/icons/touch-icon-144.png?v=0efaf240j"},"globalsources.com":{"image_url":"http://s.globalsources.com/gsol/en/mobile/images/TOUCH-ICON.PNG"},"globo.com":{"image_url":"https://s.glbimg.com/en/ho/static/touchphone/img/apple-touch-icon-iphone-retina.png"},"glosbe.com":{"image_url":"https://glosbe.com/resources/android-chrome-192x192.png?v=2"},"gmx.com":{"image_url":"https://s.uicdn.com/mailint/8.984.0/assets/favicon_gmxcom.ico"},"gmx.net":{"image_url":"https://s.uicdn.com/uimag/4.663.0/assets/favicon/gmx/favicon-196x196.png"},"goal.com":{"image_url":"http://www.goal.com/rebuild-beta-assets/favicons/android-chrome-192x192.png?v=3.59.0.0"},"gome.com.cn":{"image_url":"https://app.gomein.net.cn/plus/images/public/apple-touch-icon-iphone4.png?v=2017092001"},"goo.ne.jp":{"image_url":"https://www.xgoo.jp/img/goosp_icon_512.png"},"google.ae":{"image_url":"https://www.google.ae/images/branding/product_ios/3x/gsa_ios_60dp.png"},"google.at":{"image_url":"https://www.google.at/images/branding/product_ios/3x/gsa_ios_60dp.png"},"google.az":{"image_url":"https://www.google.az/images/branding/product_ios/3x/gsa_ios_60dp.png"},"google.be":{"image_url":"https://www.google.be/images/branding/product_ios/3x/gsa_ios_60dp.png"},"google.bg":{"image_url":"https://www.google.bg/images/branding/product_ios/3x/gsa_ios_60dp.png"},"google.by":{"image_url":"https://www.google.by/images/branding/product_ios/3x/gsa_ios_60dp.png"},"google.ca":{"image_url":"https://www.google.ca/images/branding/product_ios/3x/gsa_ios_60dp.png"},"google.ch":{"image_url":"https://www.google.ch/images/branding/product_ios/3x/gsa_ios_60dp.png"},"google.cl":{"image_url":"https://www.google.cl/images/branding/product_ios/3x/gsa_ios_60dp.png"},"google.co.ao":{"image_url":"https://www.google.co.ao/images/branding/product_ios/3x/gsa_ios_60dp.png"},"google.co.id":{"image_url":"https://www.google.co.id/images/branding/product_ios/3x/gsa_ios_60dp.png"},"google.co.il":{"image_url":"https://www.google.co.il/images/branding/product_ios/3x/gsa_ios_60dp.png"},"google.co.in":{"image_url":"https://www.google.co.in/images/branding/product_ios/3x/gsa_ios_60dp.png"},"google.co.jp":{"image_url":"https://www.google.co.jp/images/branding/product_ios/3x/gsa_ios_60dp.png"},"google.co.kr":{"image_url":"https://www.google.co.kr/images/branding/product_ios/3x/gsa_ios_60dp.png"},"google.co.nz":{"image_url":"https://www.google.co.nz/images/branding/product_ios/3x/gsa_ios_60dp.png"},"google.co.th":{"image_url":"https://www.google.co.th/images/branding/product_ios/3x/gsa_ios_60dp.png"},"google.co.uk":{"image_url":"https://www.google.co.uk/images/branding/product_ios/3x/gsa_ios_60dp.png"},"google.co.ve":{"image_url":"https://www.google.co.ve/images/branding/product_ios/3x/gsa_ios_60dp.png"},"google.co.za":{"image_url":"https://www.google.co.za/images/branding/product_ios/3x/gsa_ios_60dp.png"},"google.com":{"image_url":"https://www.google.com/images/branding/product_ios/3x/gsa_ios_60dp.png"},"fapmeth.com":{"image_url":"https://www.google.com/images/branding/product_ios/3x/gsa_ios_60dp.png"},"blogspot.jp":{"image_url":"https://www.google.com/images/branding/product_ios/3x/gsa_ios_60dp.png"},"googlesyndication.com":{"image_url":"https://www.google.com/images/branding/product_ios/3x/gsa_ios_60dp.png"},"blogspot.gr":{"image_url":"https://www.google.com/images/branding/product_ios/3x/gsa_ios_60dp.png"},"google.com.af":{"image_url":"https://www.google.com.af/images/branding/product_ios/3x/gsa_ios_60dp.png"},"google.com.ar":{"image_url":"https://www.google.com.ar/images/branding/product_ios/3x/gsa_ios_60dp.png"},"google.com.au":{"image_url":"https://www.google.com.au/images/branding/product_ios/3x/gsa_ios_60dp.png"},"google.com.br":{"image_url":"https://www.google.com.br/images/branding/product_ios/3x/gsa_ios_60dp.png"},"google.com.co":{"image_url":"https://www.google.com.co/images/branding/product_ios/3x/gsa_ios_60dp.png"},"google.com.do":{"image_url":"https://www.google.com.do/images/branding/product_ios/3x/gsa_ios_60dp.png"},"google.com.ec":{"image_url":"https://www.google.com.ec/images/branding/product_ios/3x/gsa_ios_60dp.png"},"google.com.eg":{"image_url":"https://www.google.com.eg/images/branding/product_ios/3x/gsa_ios_60dp.png"},"google.com.gt":{"image_url":"https://www.google.com.gt/images/branding/product_ios/3x/gsa_ios_60dp.png"},"google.com.hk":{"image_url":"https://www.google.com.hk/images/branding/product_ios/3x/gsa_ios_60dp.png"},"google.com.kw":{"image_url":"https://www.google.com.kw/images/branding/product_ios/3x/gsa_ios_60dp.png"},"google.com.ly":{"image_url":"https://www.google.com.ly/images/branding/product_ios/3x/gsa_ios_60dp.png"},"google.com.mm":{"image_url":"https://www.google.com.mm/images/branding/product_ios/3x/gsa_ios_60dp.png"},"google.com.mx":{"image_url":"https://www.google.com.mx/images/branding/product_ios/3x/gsa_ios_60dp.png"},"google.com.my":{"image_url":"https://www.google.com.my/images/branding/product_ios/3x/gsa_ios_60dp.png"},"google.com.ng":{"image_url":"https://www.google.com.ng/images/branding/product_ios/3x/gsa_ios_60dp.png"},"google.com.pe":{"image_url":"https://www.google.com.pe/images/branding/product_ios/3x/gsa_ios_60dp.png"},"google.com.ph":{"image_url":"https://www.google.com.ph/images/branding/product_ios/3x/gsa_ios_60dp.png"},"google.com.pk":{"image_url":"https://www.google.com.pk/images/branding/product_ios/3x/gsa_ios_60dp.png"},"google.com.pr":{"image_url":"https://www.google.com.pr/images/branding/product_ios/3x/gsa_ios_60dp.png"},"google.com.sa":{"image_url":"https://www.google.com.sa/images/branding/product_ios/3x/gsa_ios_60dp.png"},"google.com.sg":{"image_url":"https://www.google.com.sg/images/branding/product_ios/3x/gsa_ios_60dp.png"},"google.com.sv":{"image_url":"https://www.google.com.sv/images/branding/product_ios/3x/gsa_ios_60dp.png"},"google.com.tr":{"image_url":"https://www.google.com.tr/images/branding/product_ios/3x/gsa_ios_60dp.png"},"google.com.tw":{"image_url":"https://www.google.com.tw/images/branding/product_ios/3x/gsa_ios_60dp.png"},"google.com.ua":{"image_url":"https://www.google.com.ua/images/branding/product_ios/3x/gsa_ios_60dp.png"},"google.com.vn":{"image_url":"https://www.google.com.vn/images/branding/product_ios/3x/gsa_ios_60dp.png"},"google.cz":{"image_url":"https://www.google.cz/images/branding/product_ios/3x/gsa_ios_60dp.png"},"google.de":{"image_url":"https://www.google.de/images/branding/product_ios/3x/gsa_ios_60dp.png"},"google.dk":{"image_url":"https://www.google.dk/images/branding/product_ios/3x/gsa_ios_60dp.png"},"google.dz":{"image_url":"https://www.google.dz/images/branding/product_ios/3x/gsa_ios_60dp.png"},"google.es":{"image_url":"https://www.google.es/images/branding/product_ios/3x/gsa_ios_60dp.png"},"google.fi":{"image_url":"https://www.google.fi/images/branding/product_ios/3x/gsa_ios_60dp.png"},"google.fr":{"image_url":"https://www.google.fr/images/branding/product_ios/3x/gsa_ios_60dp.png"},"google.gr":{"image_url":"https://www.google.gr/images/branding/product_ios/3x/gsa_ios_60dp.png"},"google.hr":{"image_url":"https://www.google.hr/images/branding/product_ios/3x/gsa_ios_60dp.png"},"google.hu":{"image_url":"https://www.google.hu/images/branding/product_ios/3x/gsa_ios_60dp.png"},"google.ie":{"image_url":"https://www.google.ie/images/branding/product_ios/3x/gsa_ios_60dp.png"},"google.iq":{"image_url":"https://www.google.iq/images/branding/product_ios/3x/gsa_ios_60dp.png"},"google.it":{"image_url":"https://www.google.it/images/branding/product_ios/3x/gsa_ios_60dp.png"},"google.kz":{"image_url":"https://www.google.kz/images/branding/product_ios/3x/gsa_ios_60dp.png"},"google.lk":{"image_url":"https://www.google.lk/images/branding/product_ios/3x/gsa_ios_60dp.png"},"google.lt":{"image_url":"https://www.google.lt/images/branding/product_ios/3x/gsa_ios_60dp.png"},"google.lv":{"image_url":"https://www.google.lv/images/branding/product_ios/3x/gsa_ios_60dp.png"},"google.nl":{"image_url":"https://www.google.nl/images/branding/product_ios/3x/gsa_ios_60dp.png"},"google.no":{"image_url":"https://www.google.no/images/branding/product_ios/3x/gsa_ios_60dp.png"},"google.pl":{"image_url":"https://www.google.pl/images/branding/product_ios/3x/gsa_ios_60dp.png"},"google.pt":{"image_url":"https://www.google.pt/images/branding/product_ios/3x/gsa_ios_60dp.png"},"google.ro":{"image_url":"https://www.google.ro/images/branding/product_ios/3x/gsa_ios_60dp.png"},"google.rs":{"image_url":"https://www.google.rs/images/branding/product_ios/3x/gsa_ios_60dp.png"},"google.ru":{"image_url":"https://www.google.ru/images/branding/product_ios/3x/gsa_ios_60dp.png"},"google.se":{"image_url":"https://www.google.se/images/branding/product_ios/3x/gsa_ios_60dp.png"},"google.si":{"image_url":"https://www.google.si/images/branding/product_ios/3x/gsa_ios_60dp.png"},"google.sk":{"image_url":"https://www.google.sk/images/branding/product_ios/3x/gsa_ios_60dp.png"},"google.tm":{"image_url":"https://www.google.tm/images/branding/product_ios/3x/gsa_ios_60dp.png"},"google.tn":{"image_url":"https://www.google.tn/images/branding/product_ios/3x/gsa_ios_60dp.png"},"gosuslugi.ru":{"image_url":"https://gu-st.ru/htdocs/img/icon/iphone/ico152.png?ver=1.1&fh=2da67c8cb6b40fa1506da07cee067cc9"},"gotomeeting.com":{"image_url":"https://assets.cdngetgo.com/dims4/default/75feec2/2147483647/thumbnail/128x128/quality/90/?url=https%3A%2F%2Fassets.cdngetgo.com%2F7c%2Fdc%2Fe67bc1de4793aa0f2bb45472329c%2Fg2m-favicon.png"},"gotowebinar.com":{"image_url":"https://assets.cdngetgo.com/dims4/default/73b7dc4/2147483647/thumbnail/128x128/quality/90/?url=https%3A%2F%2Fassets.cdngetgo.com%2F1e%2F34%2F2d924a3944a7b040c9379cd11f2d%2Fg2w-favicon.png"},"gotporn.com":{"image_url":"https://www.gotporn.com/assets/favicon/apple-touch-icon.png"},"grammarly.com":{"image_url":"https://dy6j70a9vs3v1.cloudfront.net/funnel_wap/static/files/74682b4a33619593dc9e722f6a1801be/favicon-196x196.png"},"groupon.com":{"image_url":"https://www2.grouponcdn.com/layout/assets/grpn-apple-touch-icon-e6b3bc0d95.png"},"gumtree.co.za":{"image_url":"https://securet9.classistatic.com/assets/images/en_ZA/icon-144x144-5540dc007f.png"},"gumtree.com":{"image_url":"https://www.gumtree.com/static/1/resources/assets/rwd/images/app-icons/7ec446eb998ece80ea734745.apple-touch-icon-180x180.png"},"gumtree.com.au":{"image_url":"https://ssl-gumtree.classistatic.com/cached/img/au/apple-touch-icon-144x144-precomposed.png"},"gumtree.pl":{"image_url":"https://securet9.classistatic.com/1.1.640/images/pl_PL/touch-ipad-retina.png"},"gyazo.com":{"image_url":"https://gyazo.com/apple-touch-icon.png"},"haber7.com":{"image_url":"http://i.haber7.net/assets/v3/common/images/favicons/apple-touch-icon-114x114.png"},"haberler.com":{"image_url":"https://www.haberler.com/static/favicons/icon-512x512.png"},"haberturk.com":{"image_url":"http://m.haberturk.com/assets/images/apple-touch-icons/152x152.png"},"hamariweb.com":{"image_url":"https://hamariweb.comHW_128x128.png"},"hao123.com":{"image_url":"https://m.hao123.com/apple-touch-icon-114x114-2.png"},"harvard.edu":{"image_url":"https://www.harvard.edu/sites/all/themes/hedu2015/assets/img/apple-touch-icon-144x144.png"},"hatena.ne.jp":{"image_url":"http://www.hatena.ne.jp/images/hatenaportal/portal/common/apple-touch-icon.png"},"hatenablog.com":{"image_url":"https://cdn.blog.st-hatena.com/images/common/meta-icon-global.png?version=695328b41f3c476d641267d307b5e6c7e5d31b8f&env=production"},"hawaaworld.com":{"image_url":"https://dl4ptssjks9ce.cloudfront.net/assets/icons/android-chrome-192x192.png"},"hclips.com":{"image_url":"https://m.hclips.com/favicon-194x194.png?v=3"},"hdrezka.ag":{"image_url":"http://hdrezka.ag/apple-touch-icon-144.png"},"healthline.com":{"image_url":"https://www.healthline.com/hlcmsresource/images/frontend-static/favicon/apple-touch-icon.png"},"heise.de":{"image_url":"https://www.heise.de/icons/ho/apple-touch-icon-152.png"},"hepsiburada.com":{"image_url":"https://static.hepsiburada.net/assets/sfstatic/Content/images/apple-touch-icon-120x120.png"},"hespress.com":{"image_url":"https://s1.hespress.com/themes/hespress_mobile_v2//img/hespress-apple.png"},"hh.ru":{"image_url":"https://i-m.hh.ru/favicon/hh/touch-icon-ipad-retina.png"},"hiptoro.com":{"image_url":"https://hiptoro.com/wp-content/uploads/2017/12/VBGFob0g.png"},"hitomi.la":{"image_url":"https://ltn.hitomi.la/favicon-192x192.png"},"hjenglish.com":{"image_url":"https://m.hujiang.com/images/icon144.png"},"hujiang.com":{"image_url":"https://m.hujiang.com/images/icon144.png"},"hltv.org":{"image_url":"https://www.hltv.org/img/static/favicon/apple-touch-icon.png"},"hm.com":{"image_url":"https://m.hm.com/entrance/entrance-assets/static/mobile/img/common/apple-touch-icon-114.png"},"hollywoodreporter.com":{"image_url":"https://www.hollywoodreporter.com https://assets.hollywoodreporter.com/assets/1525323694/images/brand/apple-touch-icon.png?8eed3d92f9467810ac34"},"hootsuite.com":{"image_url":"https://hootsuite.com/dist/images/icons/apple-touch-icon@2x.png"},"hotels.com":{"image_url":"https://a.cdn-hotels.com/da/assets/s/63.0.8526/images/brands/hcomrosso/icons/ios-bookmark-180.png"},"hotmovs.com":{"image_url":"https://hotmovs.com/android-chrome-192x192.png?v=2"},"hotnewhiphop.com":{"image_url":"https://ssl.ulximg.com/apple-touch-icon.png"},"houzz.com":{"image_url":"https://st.hzcdn.com/static/apple-touch-icon-144x144-precomposed.png?v=20180306"},"hsbc.com.hk":{"image_url":"https://www.hsbc.com.hk/etc/designs/dpws/common/favicons/apple-touch-icon.png"},"hubspot.com":{"image_url":"https://www.hubspot.com/hs-fs/hub/53/file-8149778-png/fav.png?t=1525833701780"},"hulu.com":{"image_url":"https://www.hulu.com/static/hitch/static/favicon.ico.png"},"humblebundle.com":{"image_url":"https://humblebundle-a.akamaihd.net/static/hashed/03df0490a53d595fd930f9fff52038366d60a05d.png"},"hurriyet.com.tr":{"image_url":"http://s.hurriyet.com.tr/mobilestatic/img/touch/144x144-precomposed.png"},"icloud.com":{"image_url":"https://www.icloud.com/system/cloudos/1807Project44/cloudos_foundation/1807Project44/en-us/source/resources/images/touch-icon-pad-retina.png"},"idnes.cz":{"image_url":"https://1gr.cz/u/favicon/apple-touch-icon.png"},"idntimes.com":{"image_url":"https://www.idntimes.com/assets/new-icon.png"},"ifixit.com":{"image_url":"https://d1ulmmr4d4i8j4.cloudfront.net/static/icons/ifixit/android-chrome-192x192.png"},"ign.com":{"image_url":"http://m.ign.com/apple-touch-icon.png"},"ikea.com":{"image_url":"https://www.ikea.com/ext/ikeagateway/statics/apple-touch-icon.png"},"ilfattoquotidiano.it":{"image_url":"https://st.ilfattoquotidiano.it/wp-content/themes/ifq/assets/icons/touch_192.png"},"ilmeteo.it":{"image_url":"https://www.ilmeteo.it/img/icon-256.png"},"imdb.com":{"image_url":"https://m.media-amazon.com/images/G/01/imdb/images/mobile/android-mobile-196x196-1358942022._CB499613265_.png"},"imgur.com":{"image_url":"https://m.imgur.com/assets/icons/icon-152.png"},"in.gr":{"image_url":"http://www.in.gr/wp-content/themes/ingr/common/imgs/touch-icon-iphone/touch-icon-ipad-retina.png"},"independent.co.uk":{"image_url":"http://www.independent.co.uk/sites/all/themes/ines_themes/independent_theme/img/apple-icon-180x180.png"},"index.hu":{"image_url":"https://index.hu/assets/images/favicons/apple-touch-icon.png"},"india.com":{"image_url":"http://s3.india.com/wp-content/uploads/2015/02/152x1521.png"},"indiamart.com":{"image_url":"https://m.imimg.com/gifs/im2-192.png"},"indianexpress.com":{"image_url":"http://0.gravatar.com/blavatar/efe0300e7f891c5c802ed340f6b20b67?s=114"},"indoxxi.tv":{"image_url":"https://indoxxi.tv/images/xxi-movie.ico/android-icon-192x192.png"},"infusionsoft.com":{"image_url":"https://www.infusionsoft.com/android-chrome-256x256.png"},"inquirer.net":{"image_url":"https://www.inquirer.net/inq2016/icons/apple-touch-icon-180x180.png"},"instagram.com":{"image_url":"https://www.instagram.com/static/images/ico/favicon-192.png/b407fa101800.png"},"interia.pl":{"image_url":"http://m.interia.pl/i/minteria-ico-144x144.png"},"intuit.com":{"image_url":"https://www.intuit.com/content/dam/intuit/intuitcom/icons/favicons/apple-touch-icon-152x152.png"},"investopedia.com":{"image_url":"https://i.investopedia.com/public/img/apple-touch-icon.png"},"iqiyi.com":{"image_url":"https://www.qiyipic.com/common/fix/h5_white_images/desktop_logo-114.png"},"iqoption.com":{"image_url":"https://iqoption.com/assets/images/favicons/android-chrome-192x192.png?v=XBBobPBryW"},"irecommend.ru":{"image_url":"https://irecommend.ru/themes/irecommend_new/images/favicon.png?v=1"},"itau.com.br":{"image_url":"https://www.itau.com.br/_arquivosestaticos/Itau/img/itau-icon.png"},"itslearning.com":{"image_url":"https://itslearning.com/us/wp-content/uploads/sites/29/2016/09/cropped-itslearning-favicon-300x300.png"},"ivi.ru":{"image_url":"https://st.tivision.ru/images/apple/152x152.png"},"ixl.com":{"image_url":"https://www.ixl.com/ixl-favicon.png"},"jabong.com":{"image_url":"https://static1.jabong.com/live/images/apple-icon-180x180.png"},"jalopnik.com":{"image_url":"https://i.kinja-img.com/gawker-media/image/upload/s--07JMH5kN--/c_fill,fl_progressive,g_center,h_200,q_80,w_200/aqhdzcldymb9mkltfhxh.png"},"jetbrains.com":{"image_url":"https://www.jetbrains.com/apple-touch-icon.png"},"jeuxvideo.com":{"image_url":"http://www.jeuxvideo.com/android-icon-144x144.png"},"jezebel.com":{"image_url":"https://i.kinja-img.com/gawker-media/image/upload/s--2gXbBeUI--/c_fill,fl_progressive,g_center,h_200,q_80,w_200/pch44wvo0v6acpdlt0f6.png"},"jianshu.com":{"image_url":"https://cdn2.jianshu.io/assets/apple-touch-icons/152-bf209460fc1c17bfd3e2b84c8e758bc11ca3e570fd411c3bbd84149b97453b99.png"},"jin115.com":{"image_url":"http://livedoor.blogimg.jp/jin115/imgs/6/7/67e4a6a3.jpg"},"jizzbunker.com":{"image_url":"https://s0.cdn3x.com/jb/i/apple-touch-ipad-retina.png"},"jobrapido.com":{"image_url":"http://us.jobrapido.com/static/img/favicon/apple-icon-precomposed.png"},"jrj.com.cn":{"image_url":"http://i0.jrjimg.cn/mjrj_v2015/apple-touch-icon-ipad-retina.png"},"jsmentry.com":{"image_url":"https://static4.dditscdn.com/mbl/frontend_backbone/static/livejasmin/image/apple-touch-icon-ipad@2x-aa960.png"},"jstor.org":{"image_url":"https://www.jstor.org/assets/global_20180504T1804/build/images/favicons/android-chrome-512x512.png"},"jumia.com.ng":{"image_url":"https://www.jumia.com.ng/images/local_mobile/favicon/jumia/logo_cart@2x.png"},"jw.org":{"image_url":"https://assetsnffrgf-a.akamaihd.net/themes/content-theme/images/icon_homeButton.png"},"kakaku.com":{"image_url":"http://img1.kakaku.k-img.com/images/smartphone/logo/apple-touch-icon-precomposed.png"},"kapanlagi.com":{"image_url":"https://cdns.klimg.com/kapanlagi.com/v5/i/channel/apple-touch-icon-152x152-precomposed.png"},"kaskus.co.id":{"image_url":"https://s.kaskus.id/themes_3.0/mobile/img/apps_icon.png"},"kayak.com":{"image_url":"https://a1.r9cdn.net/res/images/marble/icon-192x192.png?v=023852353302099dff414c319ca59d2778fb3abd&cluster=4"},"kemdikbud.go.id":{"image_url":"https://kemdikbud.go.idassets/icon/android-icon-192x192.png"},"kenh14.vn":{"image_url":"http://kenh14cdn.com/channel-icon/kenh14-192.png"},"khanacademy.org":{"image_url":"https://cdn.kastatic.org/images/apple-touch-icon-144x144-precomposed.png"},"kickstarter.com":{"image_url":"https://static.kickstarter.com/assets/touch-icon-192x192-710ace6840055401ec231c1d86ce7312c56bb510fad8b775229b0ce73d0054c5.png"},"kijiji.ca":{"image_url":"https://ca.classistatic.com/static/V/6425/img/favicons/apple-touch-icon.png"},"kino-hd1080.ru":{"image_url":"https://kino-hd1080.ru/templates/kino1080/images/apple-touch-icon-114x114.png"},"kinogo.by":{"image_url":"https://kinogo.by/templates/apple-touch-icon-180x180.png"},"kinopoisk.ru":{"image_url":"https://yastatic.net/s3/kinopoisk-frontend/touch-www/0.0.1266-touch-www/dist/favicon-196.png"},"kizlarsoruyor.com":{"image_url":"https://images.kizlarsoruyor.com/content/images/tr/ks-icon-152.png"},"kompas.com":{"image_url":"https://asset.kompas.com/data/2017/mobile/images/apple-touch-icon.png"},"kp.ru":{"image_url":"https://m.kp.ru/apple-touch-icon.png"},"kumparan.com":{"image_url":"https://m.kumparan.com/logo-192.png"},"ladbible.com":{"image_url":"http://www.ladbible.com/assets/images/theme/favicons/android-chrome-192x192.png"},"laposte.fr":{"image_url":"https://m.laposte.fr/_ui/mobile/img/favicon/android-chrome-192x192.png"},"latimes.com":{"image_url":"http://www.latimes.com/pb/resources/images/lat_icons/144-iTunesArtwork.png?v=39"},"lavanguardia.com":{"image_url":"http://www.lavanguardia.com/rsc/images/ico/apple-touch-icon-152x152.png"},"leboncoin.fr":{"image_url":"https://static.leboncoin.fr/img/favicon-beta-touch.png"},"lefigaro.fr":{"image_url":"https://a.f1g.fr/f/img/favicon/apple-touch-icon.png"},"lemonde.fr":{"image_url":"https://s1.lemde.fr/medias/web/1.2.705/ico/apple/icon-144.png"},"lenta.ru":{"image_url":"https://icdn.lenta.ru/lenta_touch.png"},"leo.org":{"image_url":"https://www.leo.org/img/favicons/leo-192.png"},"lequipe.fr":{"image_url":"https://www.lequipe.fr/elements/img/favicons/android-chrome-192x192.png?140917"},"letras.mus.br":{"image_url":"https://studiosol-a.akamaihd.net/mletras/static/img/icone_letras_144px.vc113c9d1.png"},"lg.com":{"image_url":"http://www.lg.com/lg4-common/favicons/228x228.png"},"libero.it":{"image_url":"http://i.plug.it/hplibero/v3_1/img/fi/android-chrome-192x192.png"},"lichess.org":{"image_url":"https://lichess1.org/assets/favicon.256.png"},"lifehacker.com":{"image_url":"https://i.kinja-img.com/gawker-media/image/upload/s--OqAhAoNZ--/c_fill,fl_progressive,g_center,h_200,q_80,w_200/u0939doeuioaqhspkjyc.png"},"lifehacker.ru":{"image_url":"https://cdn.lifehacker.ru/wp-content/uploads/2017/01/cropped-apple-icon_1484931984_1484932001-192x192.png"},"lifewire.com":{"image_url":"https://www.lifewire.com/static/2.51.1/icons/favicons/apple-touch-icon-152x152.png"},"line.me":{"image_url":"https://line.me/apple-touch-icon-precomposed.png"},"liontravel.com":{"image_url":"https://m.liontravel.com/images/custom_icon152x152.png"},"liputan6.com":{"image_url":"https://cdn-a.production.liputan6.static6.com/assets/images/favicons/android-chrome-192x192.png"},"livejournal.com":{"image_url":"https://www.livejournal.com/favicon.ico?v=2"},"livescore.com":{"image_url":"https://cdn3.livescore.com/web2/img/touch-icon-iphone-152.png"},"livestrong.com":{"image_url":"https://www.livestrong.com/favicon.png"},"lotterypost.com":{"image_url":"https://m.lotterypost.com/images/icon-lp-180.png"},"lowes.com":{"image_url":"https://m.lowes.com/etc/designs/lowes-mobile-first/images/apple-touch-icon-114-precomposed.png"},"ltn.com.tw":{"image_url":"http://news.ltn.com.tw/assets/images/all/ltn.png"},"lynda.com":{"image_url":"https://cdn.lynda.com/static/favicon-152.png"},"macys.com":{"image_url":"https://m.macys.com/mew20/images/favicons/favicon-196x196.png"},"made-in-china.com":{"image_url":"https://www.micstatic.com/mt/img/apple-touch-icon-144x144-precomposed.png?_v=1525763330170"},"mail.ru":{"image_url":"https://limg.imgsmail.ru/touchsplash/v/i/android-touch-icon-192x192-3329a9ff53.png"},"mailchimp.com":{"image_url":"https://static.mailchimp.com/web/favicon.ico"},"makeuseof.com":{"image_url":"https://static.makeuseof.com/wp-content/themes/makeuseof2016/components/icons/favicon.ico"},"malwarebytes.com":{"image_url":"https://www.malwarebytes.com/favicon-196x196.png"},"mangadex.org":{"image_url":"https://mangadex.org/favicon.ico"},"manofile.com":{"image_url":"https://manofile.com/themes/flow/frontend_assets/images/icons/favicon/apple-touch-icon-114x114.png"},"manyvids.com":{"image_url":"https://www.manyvids.com/apple-touch-icon.png"},"marca.com":{"image_url":"https://e00-marca.uecdn.es/apple-touch-icon-152x152-precomposed.png"},"marketwatch.com":{"image_url":"https://mw4.wsj.net/mw5/content/images/favicons/apple-touch-icon-180x180.png"},"marvel.com":{"image_url":"https://marvel.com/i/images/favicon/apple-touch-icon-180.png"},"mashable.com":{"image_url":"https://a.amz.mshcdn.com/assets/mashable.touchicon-85568436777b97f88ef7182140a53fd1a4f7cec7c0fa5568a3783fcdb0d08eb5.png"},"mathrubhumi.com":{"image_url":"http://www.mathrubhumi.com/img/icons/favicon_192x192.png"},"mawdoo3.com":{"image_url":"https://modo3.com/favicon.ico"},"mayoclinic.org":{"image_url":"https://mayoclinic.org/styles/img/GBS/apple-touch-icon-152x152.png"},"mbank.pl":{"image_url":"https://www.mbank.pl/images/logos/favicons/apple-touch-icon-114x114.png?b1039868503f94399de85ccfabd7ea2b"},"meb.gov.tr":{"image_url":"https://meb.gov.tr/image/meb_logo.png"},"mediafire.com":{"image_url":"https://m.mediafire.com/icons/android-chrome-192x192.png"},"medium.com":{"image_url":"https://cdn-images-1.medium.com/fit/c/304/304/1*8I-HPL0bfoIzGied-dzOvA.png"},"meetup.com":{"image_url":"https://www.meetup.com/mu_static/en-US/b5c9ccb2eec82ad0436c3b768a1bc348.png"},"mellowads.com":{"image_url":"https://mellowads.comlargeicon.png"},"mercadolivre.com.br":{"image_url":"https://http2.mlstatic.com/ui/navigation/2.0.9/mercadolibre/192x192-precomposed.png"},"mercadolibre.com.ar":{"image_url":"https://http2.mlstatic.com/ui/navigation/2.0.9/mercadolibre/192x192-precomposed.png"},"mercadolibre.com.mx":{"image_url":"https://http2.mlstatic.com/ui/navigation/2.0.9/mercadolibre/192x192-precomposed.png"},"mercadolibre.com.ve":{"image_url":"https://http2.mlstatic.com/ui/navigation/2.0.9/mercadolibre/192x192-precomposed.png"},"mercari.com":{"image_url":"https://www-mercari-com.akamaized.net/favicon-194x194.png?1902452737"},"merdeka.com":{"image_url":"https://cdns.klimg.com/merdeka.com/media/i/a/apple/apple-touch-icon.png"},"metacritic.com":{"image_url":"http://www.metacritic.com/images/iphone/webpage.png"},"metropoles.com":{"image_url":"https://www.metropoles.com/wp-content/themes/metropoles-mobile/library/images/apple-touch-icon.png"},"mgid.com":{"image_url":"https://static.mgid.com/images/favicon/mgid-144x144.png?r=15258"},"milliyet.com.tr":{"image_url":"http://m.milliyet.com.tr/D/i/Fav/android-icon-192x192.png"},"mixi.jp":{"image_url":"https://img.mixi.net/img/smartphone/touch/favicon/x001_prec.png"},"mk.ru":{"image_url":"https://www.mk.ru/media/img/mk.ru/____i-img/apple-touch-icon-180.png"},"mlb.com":{"image_url":"https://www.mlbstatic.com/mlb.com/builds/site-core/b1f0c226cb2df26dc50e85bcfe2e270ff5457aff_1525816315/images/favicon.png"},"mobile01.com":{"image_url":"https://www.mobile01.comapple-touch-icon-180x180.png"},"monster.com":{"image_url":"https://media.newjobs.com/id/mobile30/core/m-touch-icon-144.png"},"monstercrawler.com":{"image_url":"http://monstercrawler.com/favicon/android-icon-192x192.png"},"mos.ru":{"image_url":"https://www.mos.ru/static/images/favicon/icon192x192.png?"},"mozilla.org":{"image_url":"https://www.mozilla.org/media/img/favicon/favicon-196x196.c80e6abe0767.png"},"mp3party.net":{"image_url":"http://mp3party.net/static/apple-touch-icon-152-95c1428829c5da55df2efe0dd044fcf4.png"},"msn.com":{"image_url":"https://static-global-s-msn-com.akamaized.net/hp-eus/sc/fc/2ba87e.png"},"mynet.com":{"image_url":"https://img7.mynet.com/mmynet/mynet-g-play-icon.png"},"myntra.com":{"image_url":"https://cdn.myntassets.com/pwa/icons/ios/app/Icon-App-60x60@3x.png"},"n11.com":{"image_url":"https://m.n11.com/apple-touch-icon.png"},"naija.ng":{"image_url":"https://i.onthe.io/vllkytaHR0cHM6Ly93d3cubmFpamEubmcvbmFpamEvaW1nL2FwcGxlLXRvdWNoLWljb24ucG5nP2hhc2g9YTFhYjJiMTZjYjBjYWZmOTk5ZmFlMjY2M2U0N2RkZDA=.prx.6056b5e7.png"},"nalog.ru":{"image_url":"https://www.nalog.ru/css/ul/icons/mobile/android-icon-192x192.png"},"namasha.com":{"image_url":"http://www.namasha.com/apple-touch-icon-precomposed.png"},"namu.wiki":{"image_url":"https://namu.wiki/img/apple_icon.png"},"narcity.com":{"image_url":"https://cdn.narcity.com/uploads/93981849a69062d0aee8c0e53418360237aafa53.png"},"nasa.gov":{"image_url":"https://www.nasa.gov/sites/all/themes/custom/nasatwo/images/apple-touch-icon-152x152.png"},"nation.co.ke":{"image_url":"https://mobile.nation.co.ke/nationmedia/css/icons/dnmobile/apple-touch-icon-152x152.png"},"nationalgeographic.com":{"image_url":"https://www.nationalgeographic.com/etc/designs/platform/v3/images/apple-touch-icon.ngsversion.zaG7EbKN.png"},"nature.com":{"image_url":"http://www.nature.com/homepage/public/resources/nature-logo-180x180-b369fb96a354ff79099772f368918ad9.png"},"naukri.com":{"image_url":"https://static.naukimg.com/s/5/135/i/appLaucherIcon/iOS@3x.png"},"naver.com":{"image_url":"http://static.naver.net/www/mobile/edit/2016/0410/mobile_115557242406.png"},"nba.com":{"image_url":"http://cdn.nba.net/assets/icons/apple-touch-icon.png"},"nbcsports.com":{"image_url":"https://www.nbcsports.com/sites/all/themes/custom/nbcsports/img/apple-touch-icons/nbcsports/ios/apple-touch-icon-180x180.png"},"neobux.com":{"image_url":"https://www.neobux.comimagens/fi/apple-touch-icon-144x144.png"},"newegg.com":{"image_url":"https://m.newegg.com/content/usa/en/link/logo_180x180.13525.png"},"news.com.au":{"image_url":"https://s.wp.com/wp-content/themes/vip/newscorpau-nca/assets/dist/img/common/favicon/apple-touch-icon-180x180.png"},"nhl.com":{"image_url":"https://www-league.nhlstatic.com/nhl.com/builds/site-core/79d918380cd2f47409659d4e627bf4653a408699_1525184967/images/iOS/apple-icon-144x144.png"},"nicovideo.jp":{"image_url":"http://sp.res.nimg.jp/img/apple-touch-icon-114x114.png"},"nih.gov":{"image_url":"https://www.nih.gov/sites/all/themes/nih/apple-touch-icon.png"},"nike.com":{"image_url":"https://www.nike.com/android-icon-192x192.png"},"nikkei.com":{"image_url":"https://r.nikkei.com/.resources/static/app/icons/favicon-192.rev-1c32ce.png"},"ninisite.com":{"image_url":"https://www.ninisite.com/favicon-192x192.png"},"nordstrom.com":{"image_url":"https://n.nordstrommedia.com/id/2f67442a-0338-42db-a214-701d94077281.ico"},"nownews.com":{"image_url":"https://m.nownews.com/static/img/apple-touch-favicon.png"},"npmjs.com":{"image_url":"https://static.npmjs.com/1996fcfdf7ca81ea795f67f093d7f449.png"},"npr.org":{"image_url":"https://media.npr.org/templates/favicon/favicon-180x180.png"},"nrk.no":{"image_url":"https://static.nrk.no/kurator/front/apple-touch-icon.png"},"ntd.tv":{"image_url":"http://mb.ntd.tv/assets/themes/ntd/images/ENTD_180x180.jpg"},"ntdtv.kr":{"image_url":"http://mb.ntdtv.kr/assets/themes/ntd/images/ENTD_180x180.jpg"},"nur.kz":{"image_url":"https://i.onthe.io/pogudxaHR0cHM6Ly93d3cubnVyLmt6L251ci9pbWcvYXBwbGUtdG91Y2gtaWNvbi5wbmc/aGFzaD1mMTg2ZDA3ZjE4MTQxNTdkODM5YmE4MTQzZjg5MzEwNw==.prx.a3862508.png"},"nutaku.net":{"image_url":"https://cdn1-images.nutaku.com/images/icons/favicon-192x192.png"},"ny.gov":{"image_url":"https://www.ny.gov/sites/all/themes/ny_gov/apple-touch-icon-precomposed-144x144.png"},"nydailynews.com":{"image_url":"http://www.nydailynews.com/pb/resources/images/nydn_icons/144-iTunesArtwork.png?v=39"},"nypost.com":{"image_url":"https://s2.wp.com/wp-content/themes/vip/nypost-2016/static/images/apple-icons/nypost/apple-icon.png"},"nytimes.com":{"image_url":"https://mobile.nytimes.com/vi-assets/static-assets/apple-touch-icon-319373aaf4524d94d38aa599c56b8655.png"},"o2.pl":{"image_url":"https://www.o2.pl/static/favicon-192x192.png"},"oceanofgames.com":{"image_url":"http://oceanofgames.com/wp-content/uploads/2014/12/gfav.png"},"ok.ru":{"image_url":"https://m.ok.ru/mres/img/browser-theme/oklogo.png"},"okcupid.com":{"image_url":"https://cdn.okccdn.com/media/img/template/icon/okc144.png"},"okdiario.com":{"image_url":"https://okdiario.com/img/i/android-icon-192x192.png"},"okezone.com":{"image_url":"https://cdn.okezone.com/underwood/revamp/2018/home/img/favicon/android-chrome-192x192.png"},"olx.com.br":{"image_url":"https://static.bn-static.com/img-48195/mobile/touch/chrome-touch-icon-192x192.png"},"olymptrade.com":{"image_url":"https://cdn1.olymptrade.com/p_dec0ced669ba/favicons/android-chrome-192x192.png"},"onet.pl":{"image_url":"https://ocdn.eu/onetmobilemainpage/manifestprod/icons/pwa-192x192_ios.png"},"online-convert.com":{"image_url":"https://cdn.online-convert.com/images/favicon/apple-touch-icon.png?v=oLdOl99jzy"},"op.gg":{"image_url":"https://opgg-static.akamaized.net/icon/Icon-144.png?v2"},"orange.fr":{"image_url":"https://hp5.b.woopic.com/icons/WebClipIcon114.png"},"orf.at":{"image_url":"http://orf.at/mojo/1_3/storyserver//news/news/images/touch-icon-ipad-retina.png"},"otto.de":{"image_url":"https://www.otto.de/static/all/img/global-resources/23d1239aa2c1223b/favicons/favicon-196x196.png"},"otvfoco.com.br":{"image_url":"https://www.otvfoco.com.br/wp-content/uploads/2017/03/cropped-favicon-192x192.png"},"oui.sncf":{"image_url":"https://www.oui.sncf/sites/all/themes/hermes/favicons/favicon-196x196.png"},"oup.com":{"image_url":"http://global.oup.com/system/images/favicon-180.png"},"outbrain.com":{"image_url":"https://www.outbrain.com/favicon/favicon-192x192.png"},"oxforddictionaries.com":{"image_url":"https://www.oxforddictionaries.com/favicon-194x194.png"},"padlet.com":{"image_url":"https://assets.padletcdn.com/assets/crane_196x196-a7319aaa217d6f0198f1ea8359be879318c79014727d03553af9fe77ce608956.png"},"pandora.tv":{"image_url":"http://imgcdn.pandora.tv/ptv_img/ch/favicon-192x192.png"},"panet.co.il":{"image_url":"http://panet.co.il/apple-touch-icon-152x152.png"},"pathofexile.com":{"image_url":"https://web.poecdn.com/image/favicon/apple-touch-icon.png?oriath"},"patreon.com":{"image_url":"https://c5.patreon.com/external/favicon/apple-touch-icon.png?v=jw6AR4Rg74"},"patria.org.ve":{"image_url":"https://www.patria.org.ve/android-icon-192x192.png"},"paypal.com":{"image_url":"https://www.paypalobjects.com/webstatic/icon/pp196.png"},"paytm.com":{"image_url":"https://assetscdn.paytm.com/dexter/paytm.png"},"paytmmall.com":{"image_url":"https://assetscdn.paytm.com/tmalld/m/paytmmall.png"},"pbs.org":{"image_url":"http://di30d2kxyxn22.cloudfront.net/images/favicons/android-chrome-192x192.0595e57f5d3b.png"},"pc6.com":{"image_url":"https://m.pc6.com/public/img/touch-icon-iphone.png"},"pcgamer.com":{"image_url":"https://vanilla.futurecdn.net/pcgamer/20180508/apple-touch-icon.png"},"pchome.com.tw":{"image_url":"http://www.pchome.com.twapple-touch-icon-152.png"},"pcmag.com":{"image_url":"https://www.pcmag.com/android-chrome-192x192.png"},"pcpartpicker.com":{"image_url":"https://pcpartpicker.com/apple-touch-icon-144x144-precomposed.png"},"people.com":{"image_url":"https://people.com/img/favicons/favicon-192.png"},"pexels.com":{"image_url":"https://www.pexels.com/assets/icons/pexels-icon-c89972421096df12c2b564575d6df896b612ca415b706033d2e44562f97343bc.png"},"pikabu.ru":{"image_url":"https://cs.pikabu.ru/mobile/img/apple-touch-icon-152x152.png"},"pinterest.com":{"image_url":"https://s.pinimg.com/webapp/style/images/logo_180-f06edffd.png"},"pinimg.com":{"image_url":"https://s.pinimg.com/webapp/style/images/logo_180-f06edffd.png"},"pinterest.co.uk":{"image_url":"https://s.pinimg.com/webapp/style/images/logo_180-f06edffd.png"},"pinterest.es":{"image_url":"https://s.pinimg.com/webapp/style/images/logo_180-f06edffd.png"},"pinterest.fr":{"image_url":"https://s.pinimg.com/webapp/style/images/logo_180-f06edffd.png"},"pinterest.de":{"image_url":"https://s.pinimg.com/webapp/style/images/logo_180-f06edffd.png"},"pinterest.jp":{"image_url":"https://s.pinimg.com/webapp/style/images/logo_180-f06edffd.png"},"pirateproxy.sh":{"image_url":"https://pirateproxy.sh/mobileproxy/images/apple-touch-icon-114x114.png"},"pitchfork.com":{"image_url":"https://cdn.pitchfork.com/assets/misc/favicon-152-v2.png"},"pixabay.com":{"image_url":"https://pixabay.com/apple-touch-icon.png"},"plex.tv":{"image_url":"https://www.plex.tv/wp-content/themes/plex/img/favicons/apple-touch-icon-152x152.png"},"pole-emploi.fr":{"image_url":"https://www.pole-emploi.fr:443/accueil/file/sitemodel/pefr/img/favicon/android-chrome-192x192.png"},"politico.com":{"image_url":"https://www.politico.com/android-chrome-192x192.png"},"polygon.com":{"image_url":"https://cdn.vox-cdn.com/uploads/hub/sbnu_logo_minimal/405/touch_icon_ipad_retina_1000x1000.7014.png"},"popcash.net":{"image_url":"https://s1.cdnpc.net/front/img/favicons/180.png?version=v57"},"popmyads.com":{"image_url":"https://popmyads.comimages/apple-touch-icon.png"},"popsugar.com":{"image_url":"https://media1.popsugar-assets.com/v3866/static/imgs/apple/apple-touch-icon-180x180.png"},"porn555.com":{"image_url":"https://m.porn555.com/images/favicons/favicon-194x194.png?v=20161031"},"ppy.sh":{"image_url":"https://static1.squarespace.com/static/561f85f1e4b0f197c394a579/t/561f95e0e4b048525fce5946/favicon.ico"},"premierleague.com":{"image_url":"https://www.premierleague.com/resources/ver/i/favicon/favicon-196x196.png"},"prezi.com":{"image_url":"https://prezi-a.akamaihd.net/cover-versioned/614-3f990c150926279da07e7bacfc37dc0825ea6de0/common/img/prezi-apple-touch-icon.png"},"primevideo.com":{"image_url":"https://images-na.ssl-images-amazon.com/images/G/01/digital/video/DVUI/favicons/favicon-196x196._CB527404564_.png"},"privatbank.ua":{"image_url":"https://privatbank.ua/sites/pb/img/favicon/favicon-192x192.png?v=18.9.9"},"programme-tv.net":{"image_url":"http://m.programme-tv.net"},"prom.ua":{"image_url":"https://static-cache.ua.uaprom.net/image/portal/icons/favicon.svg?r=cd072736baf8c2957bfc9272153b1002"},"psu.edu":{"image_url":"http://www.psu.eduprofiles/psu_profile/themes/psu_main/144.png"},"psychologytoday.com":{"image_url":"https://www.psychologytoday.com/sites/all/themes/pt_brand/img/touch-icons/apple-touch-icon-152x152-precomposed.png"},"purdue.edu":{"image_url":"https://www.purdue.edu/purdue/images/icon-ipad-retina.png"},"python.org":{"image_url":"https://www.python.org/static/apple-touch-icon-144x144-precomposed.png"},"qiita.com":{"image_url":"https://cdn.qiita.com/assets/favicons/public/apple-touch-icon-f9a6afad761ec2306e10db2736187c8b.png"},"qualtrics.com":{"image_url":"https://www.qualtrics.com/apple-touch-icon.png"},"quizlet.com":{"image_url":"https://quizlet.com/a/i/brandmark/1024.TGu7.png"},"rakuten.co.jp":{"image_url":"https://r.r10s.jp/com/img/home/logo/touch.png"},"rambler.ru":{"image_url":"https://m.rambler.ru/favicons/android-chrome-192x192.png"},"ranker.com":{"image_url":"https://m.ranker.com/touch-icon-ipad-retina.png"},"rapidvideo.com":{"image_url":"https://rapidvideo.com/android-icon-192x192.png"},"ratemyprofessors.com":{"image_url":"http://www.ratemyprofessors.com/images/favicon-196.png"},"rbc.ru":{"image_url":"https://s.rbk.ru/v8_top_static/common/common-8.5.85/mobile/apple-touch-icon-180x180.png"},"realtor.com":{"image_url":"https://static.rdc-next-prod.rdc.moveaws.com/assets/apple-touch-icon-050bdb9e192096f6ca07f7c4cc24eaafc1320f74b1b82f3a8a1e92acf84ccb42.png"},"reddit.com":{"image_url":"https://www.redditstatic.com/mweb2x/favicon/192x192.png"},"redd.it":{"image_url":"https://www.redditstatic.com/mweb2x/favicon/192x192.png"},"redfin.com":{"image_url":"https://ssl.cdn-redfin.com/v209.0.3/images/logos/Touch-icon-152.png"},"rei.com":{"image_url":"https://www.rei.com/apple-touch-icon-180x180.png"},"repubblica.it":{"image_url":"https://www.repstatic.it/cless/main/nazionale/2016-v1/img/common/favicon/apple-touch-icon-120.png"},"researchgate.net":{"image_url":"https://www.researchgate.net/apple-touch-icon-180x180.png"},"retailmenot.com":{"image_url":"https://www.retailmenot.com/www/gui/im/apple-touch-icon-152.png"},"reuters.com":{"image_url":"https://s1.reutersmedia.net/resources_v3/images/favicon/android-chrome-192x192.png"},"reverb.com":{"image_url":"https://static.reverb.com/assets/apple-icons/touch-icon-iphone-6-plus-ce906aac2a12554fb224b378d60f658a.png"},"rfi.fr":{"image_url":"http://www.rfi.fr/favicon-192x192.png?version=20180201121500"},"ria.com":{"image_url":"https://www.ria.com/dist/img/icon-hires.png?v=2f3b4473d7"},"ria.ru":{"image_url":"https://ria.ru/i/favicons/favicon-194x194.png"},"romwe.com":{"image_url":"https://rwm.ltwebstatic.com/rwm_dist/images/touch-icon-ipad-144-204b4c56d1.png"},"rp5.ru":{"image_url":"https://m.rp5.ru/images/favicons/android_2/192x192.png"},"rsc.org":{"image_url":"http://www.rsc.org/apple-touch-icon.png"},"rt.com":{"image_url":"https://www.rt.com/static/block/touch-icon/apple-touch-icon-144x144-precomposed.png"},"ruliweb.com":{"image_url":"https://img.ruliweb.com/img/2016/icon/ruliweb_icon_144_144.png"},"runescape.com":{"image_url":"https://www.runescape.com/img/global/mobile.png?1"},"runoob.com":{"image_url":"https://static.runoob.com/images/icon/mobile-icon.png"},"ryanair.com":{"image_url":"https://www.ryanair.com/etc/designs/ryanair/favicon/apple-touch-icon-152x152.png"},"sabah.com.tr":{"image_url":"https://isbh.tmgrup.com.tr/sbh/site/v3/i/favicon.png"},"sagepub.com":{"image_url":"https://us.sagepub.com/sites/all/themes/sage_corp/touch_icons/touch-icon-192x192.png"},"sakura.ne.jp":{"image_url":"https://www.sakura.ad.jp/resource/favicon/sakura_logo.png"},"sanook.com":{"image_url":"https://s.isanook.com/sh/0/di/icon-sanook-114x144-06.png"},"sap.com":{"image_url":"https://www.sap.com/etc/designs/sapdx/clientlib-generic/images/apple-touch-icons/touch-icon-1024x1024.png"},"sapo.ao":{"image_url":"https://imgs.sapo.pt/sapologos/touchicon/sapo.ao/touch-icon-192.png"},"sapo.pt":{"image_url":"https://imgs.sapo.pt/sapologos/touchicon/generic/touch-icon-192.png"},"sberbank.ru":{"image_url":"https://www.sberbank.ru/portalserver/static/sb-bundle/images/sber-logo152.png"},"sbrf.ru":{"image_url":"https://www.sberbank.ru/portalserver/static/sb-bundle/images/sber-logo152.png"},"screenrant.com":{"image_url":"https://screenrant.com/wp-content/themes/screenrant/images/sr-touch-icon-144x144.png"},"scribol.com":{"image_url":"http://s15858.pcdn.co/wp-content/themes/semplicemente-scribol-dartfish/images/icons/apple-touch-icon-180x180.png"},"seasonvar.ru":{"image_url":"http://cdn.seasonvar.ru/images/fav/apple-touch-icon-144x144.png"},"seekingalpha.com":{"image_url":"https://static1.seekingalpha.com/assets/favicon-192x192-59bfd51c9fe6af025b2f9f96c807e46f8e2f06c5ae787b15bf1423e6c676d4db.png"},"segmentfault.com":{"image_url":"https://static.segmentfault.com/v-5aec1215/global/img/touch-icon.png"},"setn.com":{"image_url":"https://www.setn.comsettouch152.png"},"seznam.cz":{"image_url":"https://www.seznam.cz/media/img/seznam-icons/favicon-192x192.png"},"sfgate.com":{"image_url":"https://m.sfgate.com/apple-touch-icon-152x152.png"},"sfr.fr":{"image_url":"https://m.sfr.fr/mist/assets/logos/iphone_114x114.png"},"shahid4u.tv":{"image_url":"https://shahid4u.com/wp-content/uploads/2015/07/tv-xl-1.png"},"shein.com":{"image_url":"https://sheinm.ltwebstatic.com/dist/images/apple-touch-icon-ipad3-144-fb8d193bbe.png"},"shein.in":{"image_url":"https://sheinm.ltwebstatic.com/dist/images/apple-touch-icon-ipad3-144-fb8d193bbe.png"},"sheypoor.com":{"image_url":"https://www.sheypoor.com/img/favicon/192.png"},"shmoop.com":{"image_url":"https://media1.shmoop.com/images/general/apple-touch-icon-144x144-precomposed.png"},"shop-apotheke.com":{"image_url":"https://www.shop-apotheke.com/mobile/pix/icons/apple-icon.png"},"shutterstock.com":{"image_url":"https://www2.shutterstock.com/base/public/images/favicons/apple-touch-icon-114x114-83c9784481.png"},"sina.com.cn":{"image_url":"https://mjs.sinaimg.cn/wap/online/public/images/addToHome/sina_114x114_v1.png"},"sindonews.com":{"image_url":"https://asset-z.sindonews.net/mobile/2016/images/icon/favicon-192x192.png"},"sinoptik.ua":{"image_url":"https://sinst.fwdcdn.com/img/newImg/touch-icon-ipad-retina.png"},"sketchup.com":{"image_url":"https://www.sketchup.com/sites/all/themes/sketch/touch-icon-ipad-retina.png"},"skroutz.gr":{"image_url":"https://www.skroutz.gr/touch-icon-192x192.png"},"skype.com":{"image_url":"https://secure.skypeassets.com/i/common/images/icons/apple-touch-icon.png"},"skyscanner.net":{"image_url":"https://www.skyscanner.net/framework/images/icons/android-chrome-192x192.png"},"slack.com":{"image_url":"https://a.slack-edge.com/436da/marketing/img/meta/app-256.png"},"slate.com":{"image_url":"https://slate.com/media/sites/slate-com/icon.svg"},"smi2.ru":{"image_url":"https://smi2.ru/img/smi2.ru/icon-touch-152.png"},"snapdeal.com":{"image_url":"https://i2.sdlcdn.com/static/mobile/img/mobile/mobileviews/SDiconNew.png"},"so-net.ne.jp":{"image_url":"https://www.so-net.ne.jp/apple-touch-icon.png"},"so.com":{"image_url":"https://m.so.com/favicon.png"},"socialblade.com":{"image_url":"https://socialblade.com/apple-touch-icon-180x180.png"},"softonic.com":{"image_url":"https://m.sftcdn.net/images/1b7fb-259c9.png"},"softpedia.com":{"image_url":"http://s1.softpedia-static.com/_img/favicon_512.png?2015"},"sohu.com":{"image_url":"https://zmt.itc.cn/static/images/pic/sohu-logo/logo-144.png"},"soso.com":{"image_url":"https://dlweb.sogoucdn.com/logo/images/2018/apple-touch-icon.png"},"sogou.com":{"image_url":"https://dlweb.sogoucdn.com/logo/images/2018/apple-touch-icon.png"},"soundcloud.com":{"image_url":"https://mobi.sndcdn.com/assets/images/sc-icons/iphone@2x-9c79c761.png"},"sourceforge.net":{"image_url":"https://a.fsdn.com/con/img/sandiego/svg/originals/sf-icon-orange-no_sf.svg"},"southwest.com":{"image_url":"https://mobile.southwest.com/images/icon-180x180.37f99b89.png"},"soycarmin.com":{"image_url":"https://www.soycarmin.com/__export/1507125893000/sites/debate/arte/soy-carmin/apps/precomposed.png_2040392579.png"},"spanishdict.com":{"image_url":"https://n1.global.ssl.fastly.net/img/common/apple-touch-icons/apple-touch-icon.png"},"spectrum.net":{"image_url":"https://www.spectrum.net/favicon.ico"},"speedtest.net":{"image_url":"http://c.speedtest.net/images/apple-touch-icon.png"},"spiceworks.com":{"image_url":"https://3upg5n1ajpdonqkkp34tcif1-wpengine.netdna-ssl.com/wp-content/themes/spiceworks/apple-touch-icon.png"},"spiegel.de":{"image_url":"http://m.spiegel.de/static/V2/logo/favicon/touch-icon152.png"},"sport-express.ru":{"image_url":"https://ss.sport-express.ru/projects/apple/icons/apple-touch-icon-152x152.png"},"sport.es":{"image_url":"https://www.sport.es/img/ico-180.png"},"sportbible.com":{"image_url":"http://www.sportbible.com/assets/images/theme/favicons/android-chrome-192x192.png"},"sports.ru":{"image_url":"https://www.sports.ru/apple-touch-icon-1024.png"},"sporx.com":{"image_url":"https://m.sporx.com/_img/144x144.png"},"spotify.com":{"image_url":"https://www.scdn.co/i/_global/touch-icon-144.png"},"sputniknews.com":{"image_url":"https://sputniknews.com/i/sputnik.png"},"squarespace.com":{"image_url":"https://static1.squarespace.com/static/ta/5134cbefe4b0c6fb04df8065/8987/assets/logos/icons/app-icon-1024.png"},"stackexchange.com":{"image_url":"https://cdn.sstatic.net/Sites/stackexchange/img/apple-touch-icon.png"},"stanford.edu":{"image_url":"https://www.stanford.edu/assets/favicon/favicon-196x196.png"},"star.com.tr":{"image_url":"http://m.star.com.tr/assets/img/star-chrome-icon.png"},"start.me":{"image_url":"https://startme.com/assets/favicons/favicon-256-d25cfb75f825ddf44161a7f1ae1e689280165b1761771ca0a1d043cb198b0f62.png"},"startpage.com":{"image_url":"https://www.startpage.com/graphics/favicon/sp-favicon-196x196.png"},"state.gov":{"image_url":"https://www.state.gov/state-responsive/images/favicons/android-chrome-192x192.png"},"steemit.com":{"image_url":"https://steemit.com/images/favicons/favicon-196x196.png"},"strava.com":{"image_url":"https://d3nn82uaxijpm6.cloudfront.net/icon-strava-chrome-192.png?v=dLlWydWlG8"},"stripe.com":{"image_url":"https://stripe.com/img/apple-touch-icon/180x180.png"},"stubhub.com":{"image_url":"https://3-cache11.stubhubstatic.com/promotions/scratch/ue-app-head/android-icon-192x192.png"},"suara.com":{"image_url":"https://assets.suara.com/mobile2017/images/img/suara-icon-114x114.png"},"subhd.com":{"image_url":"https://subhd.com/images/favicon-196x196.png"},"subito.it":{"image_url":"https://s.sbito.it/1201525269738/img2/mobile/android_launcher_icon.png"},"sueddeutsche.de":{"image_url":"http://polpix.sueddeutsche.com/staticassets/img/touch-icon-ipad-retina.png"},"surveymonkey.com":{"image_url":"https://www.surveymonkey.com/apple-touch-icon-precomposed.png"},"syosetu.com":{"image_url":"https://static.syosetu.com/view/images/apple-touch-icon-precomposed.png?ojjr8x"},"t-online.de":{"image_url":"https://img.toi.de/mo/apple-touch-icon-114-114.png"},"tabelog.com":{"image_url":"https://tblg.k-img.com/images/smartphone/favicon.png?20140320"},"tagesschau.de":{"image_url":"https://www.tagesschau.de/favicon-196x196.png"},"tagged.com":{"image_url":"https://secure-static.tagged.com/img/favicons/tagged/favicon-196x196.png?30fd39bf82e7ae143721b4ea2b6d6442e8f205ca024566fd6d176ee2969bf1d8-"},"taobao.com":{"image_url":"https://gw.alicdn.com/tps/i2/TB1nmqyFFXXXXcQbFXXE5jB3XXX-114-114.png"},"tap.az":{"image_url":"https://tap.azstatic.com/assets/favicons/favicon-192x192-ca4e64094eb6086d3f70f4bce6a86e770660480cd248f98430188ea08aab702e.png"},"target.com":{"image_url":"https://assets.targetimg1.com/static/images/apple-touch-icon-precomposed.png"},"taringa.net":{"image_url":"https://o2.t26.net/image/touch-icon-iphone-retina.png"},"teamviewer.com":{"image_url":"https://trust-static.teamviewer.com/wp-content/uploads/2017/08/favicon.ico"},"techcrunch.com":{"image_url":"https://techcrunch.com/wp-content/uploads/2015/02/cropped-cropped-favicon-gradient.png?w=192"},"techradar.com":{"image_url":"https://vanilla.futurecdn.net/techradar/201805032/apple-touch-icon.png"},"techtarget.com":{"image_url":"https://6ce7249d60697cecb233-c2e8d057e491f208ac0828a45bc359e1.ssl.cf1.rackcdn.com/wp-content/uploads/2016/08/cropped-tt-favicon-1-192x192.png"},"techtudo.com.br":{"image_url":"http://s.glbimg.com/po/tt2/img/icone-tt-192.png"},"ted.com":{"image_url":"https://pa.tedcdn.com/apple-touch-icon.png"},"telegraf.com.ua":{"image_url":"https://telegraf.com.ua/i/touch-icon-iphone.png"},"telegraph.co.uk":{"image_url":"https://www.telegraph.co.uk/etc/designs/telegraph/core/clientlibs/core/icons/favicon-152x152.png"},"telekom.com":{"image_url":"https://www.telekom.com/blueprint/servlet/static-cms/android-chrome-192x192.png"},"tgju.org":{"image_url":"http://www.tgju.org/touch-icon-ipad.png"},"theatlantic.com":{"image_url":"https://cdn.theatlantic.com/assets/static/a/theatlantic/common/img/apple-touch-icon-ipad-retina.png"},"thefreedictionary.com":{"image_url":"http://img.tfd.com/touch/ipad-r.png"},"theguardian.com":{"image_url":"https://assets.guim.co.uk/images/favicons/ac43fe9507600081b58760450f518d07/152x152.png"},"themeforest.net":{"image_url":"https://public-assets.envato-static.com/icons/themeforest.net/apple-touch-icon-144x144-precomposed.png"},"thepiratebay-proxylist.org":{"image_url":"https://thepiratebay-proxylist.org/assets/img/icons/favicon-194x194.png?v=oLL92y77"},"thepiratebay.org":{"image_url":"http://m.thepiratebay.org/images/apple-touch-icon-114x114.png"},"theringer.com":{"image_url":"https://cdn.vox-cdn.com/uploads/chorus_asset/file/8991995/favicon-196x196.0.png"},"theroot.com":{"image_url":"https://i.kinja-img.com/gawker-media/image/upload/s--kxRKqXNr--/c_fill,fl_progressive,g_center,h_200,q_80,w_200/f5zr3vuc90hrpnmx0nme.png"},"thesaurus.com":{"image_url":"http://static.sfdict.com/m/img/apple-touch-icon-precomposed-152x152.png"},"thestartmagazine.com":{"image_url":"https://www.thestartmagazine.com/assets/favicon_196_196.png"},"thesun.co.uk":{"image_url":"https://www.thesun.co.uk/wp-content/uploads/2016/04/icon-e1459786005667.png?strip=all&w=192"},"theverge.com":{"image_url":"https://cdn.vox-cdn.com/uploads/chorus_asset/file/7395351/android-chrome-192x192.0.png"},"thingiverse.com":{"image_url":"https://www.thingiverse.com/img/favicons/favicon-192x192.png"},"thoughtco.com":{"image_url":"https://www.thoughtco.com/static/2.45.1/icons/favicons/apple-touch-icon-152x152.png"},"thrillist.com":{"image_url":"https://www.thrillist.com/images/thrillist/apple-touch-icon-retina.png"},"tianya.cn":{"image_url":"https://static.tianyaui.com/global/m/touch/images/icons/apple-touch-icon-114x114.png"},"time.com":{"image_url":"http://time.com/img/favicons/favicon-192.png"},"tinder.com":{"image_url":"https://tinder.com/static/apple-touch-icon.png"},"tmall.com":{"image_url":"https://gw.alicdn.com/tfs/TB1m9hGhXOWBuNjy0FiXXXFxVXa-152-152.jpg"},"list.tmall.com":{"image_url":"https://gw.alicdn.com/tfs/TB1m9hGhXOWBuNjy0FiXXXFxVXa-152-152.jpg"},"nianhuo.tmall.com":{"image_url":"https://gw.alicdn.com/tfs/TB1m9hGhXOWBuNjy0FiXXXFxVXa-152-152.jpg"},"tmz.com":{"image_url":"http://m.tmz.com/assets/20180502230309/theme/images/touch-icon.png"},"tnt-online.ru":{"image_url":"https://cdn.tnt-online.ru/tnt2012/tnt-144.png"},"togetter.com":{"image_url":"https://s.togetter.com/static/1.15.48/web/img/icon/tg_icon_192.png"},"tokopedia.com":{"image_url":"https://ecs7.tokopedia.net/assets-tokopedia-lite/prod/media/icons/icon512.png"},"tomsguide.com":{"image_url":"https://www.tomsguide.com/medias/favicon/favicon-194x194.png?v=kPPAMMXoY2"},"tomshardware.com":{"image_url":"https://www.tomshardware.com/medias/favicon/android-chrome-192x192.png?v=oLLokpekrr"},"torrent.love":{"image_url":"https://m.torrent.love/data/seo/phone_icon.png"},"toutiao.com":{"image_url":"https://s3.pstatp.com/image/toutiao_mobile/icon_180_1.png"},"tradingview.com":{"image_url":"https://s.tradingview.com/static/images/favicon.ico"},"tribunnews.com":{"image_url":"http://cdn1.tstatic.net/img/icon/tribun-icon_128.png"},"tripadvisor.com":{"image_url":"https://static.tacdn.com/img2/mobile/apple-touch-icon.png"},"tripadvisor.co.uk":{"image_url":"https://static.tacdn.com/img2/mobile/apple-touch-icon.png"},"trulia.com":{"image_url":"https://static.trulia-cdn.com/images/icons/apple-touch-icon-144x144.png"},"trustpilot.com":{"image_url":"https://images-static.trustpilot.com/community/shared/web-app-icon-196x196.png"},"tumblr.com":{"image_url":"https://assets.tumblr.com/images/apple-touch-icon-228x228.png?_v=ed8916adbf85271047144d96446117be"},"umblr.com":{"image_url":"https://assets.tumblr.com/images/apple-touch-icon-228x228.png?_v=ed8916adbf85271047144d96446117be"},"turbo.az":{"image_url":"https://turbo.azstatic.com/assets/favicons/favicon-192x192-6b9c580dfcf07578fd2cc600922decaa52bd80bd217bd5f5869bc61e91c472c6.png"},"turkiye.gov.tr":{"image_url":"https://static.turkiye.gov.tr/themes/izmir/images/favicons/favicon-196x196.1.2.png"},"turnitin.com":{"image_url":"http://turnitin.com/templates/yoo_katana/apple_touch_icon.png"},"tutsplus.com":{"image_url":"https://static.tutsplus.com/assets/apple-touch-icon-3e53736827c755caa0e2ced2e1b94e2f.png"},"tvtropes.org":{"image_url":"http://static.tvtropes.org/img/icons/favicon-192x192.png"},"twitch.tv":{"image_url":"https://m.twitch.tv/apple-touch-icon.png"},"go.twitch.tv":{"image_url":"https://m.twitch.tv/apple-touch-icon.png"},"twitter.com":{"image_url":"https://abs-0.twimg.com/responsive-web/web/ltr/icon-ios.a9cd885bccbcaf2f.png"},"uber.com":{"image_url":"https://d1a3f4spazzrp4.cloudfront.net/uber-com/1.3.8/d1a3f4spazzrp4.cloudfront.net/images/apple-touch-icon-180x180-45befcd014.png"},"ubuntu.com":{"image_url":"https://assets.ubuntu.com/v1/3361409d-apple-touch-icon-144x144-precomposed.png"},"udemy.com":{"image_url":"https://www.udemy.com/staticx/udemy/images/v6/favicon-196x196.png"},"udn.com":{"image_url":"https://udn.com/static/img/favicon.ico"},"ukr.net":{"image_url":"https://upst.fwdcdn.com/ukrnet-icon-144x144.png"},"ultimate-guitar.com":{"image_url":"https://www.ultimate-guitar.com/static/_img/bootstrap/ug/img/touchicons/apple-touch-icon-152x152.png"},"umich.edu":{"image_url":"https://www.umich.edu/skins/um2013/media/images/touch-icon-ipad-retina.png"},"unam.mx":{"image_url":"https://www.unam.mx/sites/all/themes/unam/apple_icon.png"},"unblocked.mx":{"image_url":"https://unblocked.mx/img/apple-touch-icon.png"},"unicredit.it":{"image_url":"https://content.unicredit.it/etc/designs/ucpublic/it/img/favicon/favicon-192x192.png"},"uniqlo.com":{"image_url":"https://www.uniqlo.comassets/images/uniqlo_logo_180x180.png"},"unity3d.com":{"image_url":"https://unity3d.com/profiles/unity3d/themes/unity/images/ui/favicons/apple-touch-icon-152x152.png"},"unity.com":{"image_url":"https://unity3d.com/profiles/unity3d/themes/unity/images/ui/favicons/apple-touch-icon-152x152.png"},"unrealengine.com":{"image_url":"https://www.unrealengine.com/apple-touch-icon.png"},"unsplash.com":{"image_url":"https://unsplash.com/apple-touch-icon-152x152-precomposed.png"},"uol.com.br":{"image_url":"https://hp.imguol.com.br/c/home/layout/camaleao/mobile2017/icon-touch.png"},"upornia.com":{"image_url":"https://upornia.com/android-chrome-192x192.png?v=2"},"uptodown.com":{"image_url":"https://stc.utdstc.com/favicon.ico"},"upwork.com":{"image_url":"https://www.upwork.com/static/marketing/adquiro-assetic/20b2dd7/apple-touch-icon.png"},"urbandictionary.com":{"image_url":"https://d2gatte9o95jao.cloudfront.net/assets/apple-touch-icon-1734beeaa059fbc5587bddb3001a0963670c6de8767afb6c67d88d856b0c0dad.png"},"urbanoutfitters.com":{"image_url":"https://www.urbanoutfitters.com/static/2.8.1/images/itunes_artwork_x3.png"},"usc.edu":{"image_url":"https://www.usc.edu/wp-content/themes/usc-homepage-2017/assets/images/favicon.ico?v=3.3.0"},"utexas.edu":{"image_url":"https://www.utexas.edu/apple-touch-icon.png"},"utorrent.com":{"image_url":"https://www.utorrent.com/img/banners/utSmartBanner.png"},"uzone.id":{"image_url":"https://cdn4.uzone.id/assets/uploads/others/uzone/favicon-2.png"},"v2ex.com":{"image_url":"https://www.v2ex.com/static/img/v2ex_192.png"},"valuecommerce.com":{"image_url":"https://www.valuecommerce.co.jp/en/wp/wp-content/themes/valuecommerce/commons/images/common/favicon.ico"},"vanguardngr.com":{"image_url":"https://www.vanguardngr.com/wp-content/uploads/2013/12/cropped-vanguardlogo-192x192.png"},"variety.com":{"image_url":"https://secure.gravatar.com/blavatar/8181b523e3c891bc770494a0bbbe8244?s=114"},"vemale.com":{"image_url":"https://cdns.klimg.com/vemale.com/i/a/apple/apple-touch-icon-152x152-precomposed.png"},"vetogate.com":{"image_url":"http://www.vetogate.com/favicon.ico"},"vg.no":{"image_url":"https://vgc.no/vgnett-prod/img/icons/apple-touch-icon-114-precomposed.png"},"vice.com":{"image_url":"https://vice-web-statics-cdn.vice.com/favicons/vice/coast-228x228.png"},"videohive.net":{"image_url":"https://public-assets.envato-static.com/icons/videohive.net/apple-touch-icon-144x144-precomposed.png"},"vidio.com":{"image_url":"https://cdn0-a.production.vidio.static6.com/assets/logo/new-android-icon-192x192-a2e89a9ca578fa5fdc68232eca10eb180e8c1b45a03d72c0232533d8d724ed3f.png"},"vimeo.com":{"image_url":"https://i.vimeocdn.com/favicon/main-touch_180"},"virgilio.it":{"image_url":"https://virgilio.plug.it/v1.1/img/fi/favicon-194x194.png"},"visualstudio.com":{"image_url":"https://www.visualstudio.com/wp-content/uploads/2017/02/BrandVisualStudioIDE2017RTW_64x.png"},"vjav.com":{"image_url":"https://www.vjav.com/images/favicons/apple-touch-icon.png"},"vk.com":{"image_url":"https://m.vk.com/images/safari_152.png?1"},"userapi.com":{"image_url":"https://m.vk.com/images/safari_152.png?1"},"vkuseraudio.net":{"image_url":"https://m.vk.com/images/safari_152.png?1"},"vkuservideo.net":{"image_url":"https://m.vk.com/images/safari_152.png?1"},"vlive.tv":{"image_url":"https://ssl.pstatic.net/static/m/vlive/mobile/2018/04/24/android_192x192_xxxhpdi.png"},"vnexpress.net":{"image_url":"https://scdn.vnecdn.net/vnexpress/restruct/i/v56/logos/114x114.png"},"vox.com":{"image_url":"https://cdn.vox-cdn.com/uploads/hub/sbnu_logo_minimal/441/touch_icon_iphone_retina_1000_yellow.755.png"},"vtv.vn":{"image_url":"https://vtv1.mediacdn.vn/web_images/vtv192.png"},"vulture.com":{"image_url":"https://cache.nymag.com/media/vulture/icon.square.svg"},"w3school.com.cn":{"image_url":"http://www.w3school.com.cn/logo-144.png"},"wattpad.com":{"image_url":"https://www.wattpad.com/image/icon_152.png"},"wayfair.com":{"image_url":"https://secure.img1-fg.wfcdn.com/st4/stores/common/mobile/touch_icons/wayfair_192x192.png"},"weather.com":{"image_url":"https://s.w-x.co/twc_180x180.png"},"web.de":{"image_url":"https://s.uicdn.com/uimag/4.663.0/assets/favicon/webde/favicon-196x196.png"},"webmd.com":{"image_url":"https://www.webmd.com/favico/apple-touch-icon-114x114-precomposed.png"},"webtoons.com":{"image_url":"https://webtoons-static.pstatic.net/image/favicon/ios_152x152.png?dt=2018022801"},"wellsfargo.com":{"image_url":"https://www.wellsfargo.com/assets/images/icons/icon-hires-192x192.png"},"welt.de":{"image_url":"https://www.welt.de/favicon-180.png"},"westernjournal.com":{"image_url":"https://www.westernjournal.com/wp-content/uploads/2017/11/android-chrome-192x192-150x150-1.jpg"},"wetter.com":{"image_url":"https://cs3.wettercomassets.com/wcomv5/images/icons/favicon/android-icon-192x192.png"},"whatsapp.com":{"image_url":"https://whatsapp.com/favicon.png"},"whitepages.com":{"image_url":"https://cdnwp.global.ssl.fastly.net/assets/favicon-afcf7f1ff6dd5b7bd16fdff6c809867dc635b343eaccaebb8da8d376769a6601.ico"},"wikia.com":{"image_url":"https://static.wikia.nocookie.net/qube-assets/f2/3064/favicons/apple-touch-icon.png?v=a2aeb86e18269b3ea0472f697b50915a8953004e"},"wikihow.com":{"image_url":"https://www.wikihow.com/skins/WikiHow/wH-initials_152x152.png"},"wikipedia.org":{"image_url":"https://www.wikipedia.org/static/apple-touch/wikipedia.png"},"wikiwand.com":{"image_url":"https://d3isfnyiuldmfu.cloudfront.net/img/wikiwand_icon_apple.png"},"wiocha.pl":{"image_url":"http://www.wiocha.pl/apple-touch-icon.png"},"wizards.com":{"image_url":"http://company.wizards.com/themes/wx/icons/favicon.ico"},"woot.com":{"image_url":"https://d3rqdbvvokrlbl.cloudfront.net/areas/woot/images/apple-touch-icon-144x144-precomposed.3.png"},"wordpress.com":{"image_url":"https://0.gravatar.com/blavatar/653166773dc88127bd3afe0b6dfe5ea7?s=114&d=http%3A%2F%2Fs0.wp.com%2Fi%2Fwebclip.png"},"files.wordpress.com":{"image_url":"https://0.gravatar.com/blavatar/653166773dc88127bd3afe0b6dfe5ea7?s=114&d=http%3A%2F%2Fs0.wp.com%2Fi%2Fwebclip.png"},"wp.com":{"image_url":"https://0.gravatar.com/blavatar/653166773dc88127bd3afe0b6dfe5ea7?s=114&d=http%3A%2F%2Fs0.wp.com%2Fi%2Fwebclip.png"},"wordreference.com":{"image_url":"http://www.wordreference.com/favicons/apple-touch-icon.png"},"worldoftanks.ru":{"image_url":"https://ru-wotp.wgcdn.co/static/5.20.0_770946/wotp_static/img/core/frontend/scss/common/img/favicon-192x192.png"},"wowhead.com":{"image_url":"https://wow.zamimg.com/apple-touch-icon.png"},"wp.pl":{"image_url":"https://www.wp.pl/f/2/2.23.20/favicon-192x192.png"},"wsj.com":{"image_url":"https://s.wsj.net/media/wsj_apple-touch-icon-180x180.png"},"wwe.com":{"image_url":"http://www.wwe.com/sites/all/themes/custom/wwe_theme/apple-touch-icon-precomposed-144x144.png"},"www.gov.uk":{"image_url":"https://assets.publishing.service.gov.uk/static/apple-touch-icon-180x180-ea1cbb1cbbeddfff275dfa6e8e46b84cd530892df79dc4882a8f99b802b49a90.png"},"wykop.pl":{"image_url":"https://www.wykop.pl/static/wykoppl7/img/apple-touch-icon-180x180.png"},"xda-developers.com":{"image_url":"https://forum.xda-cdn.com/images/2015/favicons/favicon-196x196.png"},"xfinity.com":{"image_url":"https://cdn.comcast.com/learn/-/media/common/favicon/apple-touch-icon.png"},"comcast.net":{"image_url":"https://cdn.comcast.com/learn/-/media/common/favicon/apple-touch-icon.png"},"xhamsterlive.com":{"image_url":"https://st.stripcdn.com/assets/common/images/favicon_xh.png"},"xing.com":{"image_url":"https://www.xing.com/assets/frontend_minified/img/shared/xing_icon_apple.png"},"xinhuanet.com":{"image_url":"http://www.xinhuanet.com/desk_icon.png"},"xuite.net":{"image_url":"http://m.xuite.net/home_screen_icon.php"},"y2mate.com":{"image_url":"https://y2mate.com/themes/images/logo.png"},"y8.com":{"image_url":"http://img-hws.y8.com/assets/y8/favicon-6550acf2615ebc92afe5418b756405a742f3a2fbcf48319b6b65cfadee85d533.ico"},"yahoo.co.jp":{"image_url":"https://s.yimg.jp/c/icon/s/bsc/2.0/y120.png"},"yahoo.com":{"image_url":"https://s.yimg.com/dh/ap/default/130909/y_200_a.png"},"yandex.com.tr":{"image_url":"https://yastatic.net/iconostasis/_/cre7kjNuw5KlI0roqjbhqhqJjL4.png"},"yandex.com":{"image_url":"https://yastatic.net/iconostasis/_/cre7kjNuw5KlI0roqjbhqhqJjL4.png"},"yandex.ru":{"image_url":"https://yastatic.net/iconostasis/_/wT9gfGZZ80sP0VsoR6dgDyXJf2Y.png"},"yandex.kz":{"image_url":"https://yastatic.net/iconostasis/_/wT9gfGZZ80sP0VsoR6dgDyXJf2Y.png"},"yandex.by":{"image_url":"https://yastatic.net/iconostasis/_/wT9gfGZZ80sP0VsoR6dgDyXJf2Y.png"},"yandex.ua":{"image_url":"https://static.yandex.sx/iconostasis/_/wT9gfGZZ80sP0VsoR6dgDyXJf2Y.png"},"yaplakal.com":{"image_url":"https://www.yaplakal.com/html/ico/favicon-194x194.png"},"ycombinator.com":{"image_url":"http://www.ycombinator.com/favicon.ico"},"yelp.com":{"image_url":"https://s3-media2.fl.yelpcdn.com/assets/2/mobile/img/fef81b306d81/mobile/homescreen_3x.png"},"yenisafak.com":{"image_url":"https://assets.yenisafak.com/yenisafak/wwwroot/images/appicon/apple-touch-icon-180x180.png"},"ynet.co.il":{"image_url":"http://m.ynet.co.il/content/images/icons/ios/apple-touch-icon-152x152.png"},"youdao.com":{"image_url":"https://shared.ydstatic.com/dict/v5.15/images/icon.png"},"youla.ru":{"image_url":"https://youla.ru/favicon-196x196.png?v208"},"youtube.com":{"image_url":"https://m.youtube.com/yts/mobile/img/apple-touch-icon-144x144-precomposed-vflopw1IA.png"},"yr.no":{"image_url":"https://www.yr.no/assets/images/android-chrome-192x192.png"},"yts.am":{"image_url":"https://yts.am/assets/images/website/apple-touch-icon-180x180.png"},"zappos.com":{"image_url":"https://www.zappos.com/marty-assets/1ZTbV-apple-touch-icon-180x180.png"},"zara.com":{"image_url":"https://static.zara.net/mstatic/1525686532435//images/zara_webmobile_icon_1024x1024.png"},"zeit.de":{"image_url":"https://img.zeit.de/static/img/ZO-ipad-114x114.png"},"zendesk.com":{"image_url":"https://d26a57ydsghvgx.cloudfront.net/www/public/assets/images/logos/zendesk144.png"},"zhaopin.com":{"image_url":"https://img09.zhaopin.cn/2012/other/mobile/favicons/android-chrome-192x192.png"},"zhiding.cn":{"image_url":"https://icon.zhiding.cn/m/wap/favicon/favicon_zd_114x114.png"},"zi.media":{"image_url":"https://zi.media/images/favicon.png?20180426v2"},"zillow.com":{"image_url":"https://www.zillowstatic.com/static/images/m/apple-touch-icon.png"},"zing.vn":{"image_url":"https://news.zing.vn/touch-icon-144x144.png"},"ziprecruiter.com":{"image_url":"https://www.ziprecruiter.com/zrs/dcf7ca7c/img/mobile/chair-icon-114x114-precomposed.png"},"znanija.com":{"image_url":"https://styleguide.znanija.com/images/favicons/znanija/favicon-hd-a8a566d502.png"},"zomato.com":{"image_url":"https://b.zmtcdn.com/images/logo/zomato_favicon5.png"},"zougla.gr":{"image_url":"http://www.zougla.gr/App_Themes/default/_gfx/favicons/apple-touch-icon.png?v=XBr3Y2myQ5"},"_etag":"\"eeb674c7119650b4869a47e080db65b2\"","_timestamp":1527038992360}}