{"chrome://browser/content/browser.xul":{"main-window":{"sizemode":"normal","screenX":"4","screenY":"23","width":"1280","height":"861"},"sidebar-box":{"sidebarcommand":"","width":""},"sidebar-title":{"value":""}},"chrome://browser/content/places/places.xul":{"placesContentTags":{"ordinal":"3"},"placesContentUrl":{"ordinal":"5"},"placesContentDate":{"ordinal":"7"},"placesContentVisitCount":{"ordinal":"9"},"placesContentDescription":{"ordinal":"11"},"placesContentDateAdded":{"ordinal":"13"},"placesContentLastModified":{"ordinal":"15"}}}